Id,Block,Year,Demand,Limit,Waitlist,MinPoint,,
202,56,1,23,15,8,40,,
412,7,3,28,15,13,26,,
412,5,1,33,15,18,25,,
102,8,3,66,16,50,25,,
348,7,3,26,15,11,25,,
274,6,5,36,12,24,25,,
102,7,5,47,16,31,24,,
218,8,5,40,12,28,24,,
103,6,3,38,16,22,21,,
204,5,5,38,20,18,21,,
302,8,1,19,12,7,20,,
274,7,3,29,12,17,20,,
115,7,3,74,25,49,20,,
362,8,5,61,25,36,20,,
302,3,2,18,12,6,20,,
102,2,4,32,16,16,20,,
367,1,4,25,14,11,20,,
321,5,5,28,15,13,19,,
251,3,4,52,25,27,19,,
130,8,1,37,16,21,18,,
204,7,3,29,20,9,18,,
410,8,5,22,14,8,18,,
101,78,5,43,18,25,18,,
103,7,5,28,16,12,18,,
102,3,2,35,16,19,18,,
214,3,2,8,5,3,18,,
101,78,1,42,18,24,17,,
251,8,3,11,25,0,17,,
205,6,3,33,16,17,17,,
226,7,5,46,25,21,17,,
202,8,5,25,14,11,17,,
116,8,5,62,25,37,17,,
205,3,4,27,15,12,17,,
115,6,1,60,25,35,16,,
330,7,3,19,14,5,16,,
248,6,5,65,25,40,16,,
285,8,5,51,16,35,16,,
209,4,4,27,16,11,16,,
272,1,4,52,25,27,16,,
204,4,4,28,20,8,16,,
102,7,1,32,18,14,15,,
202,5,1,30,16,14,15,,
204,5,1,27,20,7,15,,
321,5,1,26,15,11,15,,
410,8,1,17,14,3,15,,
302,7,3,17,12,5,15,,
362,7,3,23,12,11,15,,
220,7,3,39,12,27,15,,
321,6,3,29,15,14,15,,
362,8,3,44,25,19,15,,
202,6,5,34,16,18,15,,
316,8,5,35,20,15,15,,
362,7,5,16,14,2,15,,
222,5,5,37,25,12,15,,
110,8,5,26,16,10,15,,
209,3,2,30,16,14,15,,
272,1,2,63,25,38,15,,
205,4,2,23,15,8,15,,
115,3,4,36,25,11,15,,
222,3,4,33,25,8,15,,
412,3,4,16,15,1,15,,
101,34,4,25,18,7,15,,
272,4,4,28,15,13,15,,
133,1,4,62,32,30,15,,
202,8,1,30,14,16,14,,
410,8,3,19,14,5,14,,
330,7,5,15,14,1,14,,
329,6,5,49,25,24,14,,
200,8,5,42,16,26,14,,
133,8,5,56,32,24,14,,
108,1234,2,14,8,6,14,,
140,2,4,40,25,15,14,,
274,7,1,19,12,7,13,,
221,7,1,23,12,11,13,,
140,7,3,41,25,16,13,,
205,8,3,71,25,46,13,,
116,7,3,71,25,46,13,,
261,6,3,22,16,6,13,,
260,7,3,49,25,24,13,,
201,8,3,15,12,3,13,,
117,8,5,45,25,20,13,,
108,5678,5,24,8,16,13,,
311,7,5,31,25,6,13,,
222,6,1,40,25,15,12,,
248,6,3,65,25,40,12,,
326,6,3,53,25,28,12,,
241,6,5,34,25,9,12,,
302,7,5,35,25,10,12,,
202,1,2,17,14,3,12,,
222,4,2,34,25,9,12,,
272,4,2,24,15,9,12,,
281,4,4,38,25,13,12,,
283,1,4,29,16,13,12,,
285,1,4,25,16,9,12,,
311,2,4,36,25,11,12,,
216,4,4,21,12,9,12,,
202,5,3,20,16,4,11,,
285,8,3,34,16,18,11,,
220,7,3,18,12,6,11,,
133,8,3,53,32,21,11,,
131,7,5,34,24,10,11,,
102,8,5,59,25,34,11,,
100,7,5,27,25,2,11,,
117,4,4,39,25,14,11,,
261,4,4,16,12,4,11,,
301,3,4,37,25,12,11,,
128,8,1,33,25,8,10,,
117,7,1,50,25,25,10,,
375,7,1,17,12,5,10,,
333,5,1,36,25,11,10,,
281,8,1,35,25,10,10,,
380,7,1,41,25,16,10,,
236,7,1,40,25,15,10,,
130,7,1,61,25,36,10,,
205,5,1,37,25,12,10,,
311,7,1,29,25,4,10,,
321,5,1,17,12,5,10,,
210,6,3,26,16,10,10,,
226,7,3,48,25,23,10,,
122,8,3,34,25,9,10,,
222,6,3,26,25,1,10,,
118,6,3,63,25,38,10,,
114,6,3,20,16,4,10,,
101,5,3,31,15,16,10,,
110,8,3,26,16,10,10,,
310,7,3,37,25,12,10,,
321,6,5,38,25,13,10,,
326,8,5,58,25,33,10,,
290,6,5,39,25,14,10,,
207,7,5,68,25,43,10,,
116,5,5,60,25,35,10,,
212,7,5,66,25,41,10,,
326,5,5,32,25,7,10,,
205,8,5,34,25,9,10,,
220,6,5,18,12,6,10,,
261,7,5,40,12,28,10,,
315,2,2,24,14,10,10,,
131,3,2,32,24,8,10,,
252,3,2,42,25,17,10,,
130,3,2,18,16,2,10,,
130,4,2,35,25,10,10,,
114,2,2,21,16,5,10,,
259,1,4,80,25,55,10,,
125,2,4,51,25,26,10,,
115,5,1,45,25,20,9,,
310,5,3,20,16,4,9,,
204,5,3,38,25,13,9,,
216,8,5,29,16,13,9,,
347,7,5,37,25,12,9,,
299,12,2,41,32,9,9,,
218,2,2,14,12,2,9,,
275,4,4,37,25,12,9,,
241,6,1,24,16,8,8,,
216,8,1,23,16,7,8,,
248,6,1,45,25,20,8,,
241,6,1,30,25,5,8,,
133,8,1,42,32,10,8,,
352,8,3,47,25,22,8,,
103,5,3,34,18,16,8,,
345,6,3,11,8,3,8,,
412,7,3,18,14,4,8,,
140,5,3,44,25,19,8,,
170,5,3,48,25,23,8,,
126,5678,3,33,10,23,8,,
145,7,3,37,25,12,8,,
199,8,5,25,15,10,8,,
328,7,5,41,25,16,8,,
101,5,5,52,25,27,8,,
110,5,5,42,25,17,8,,
118,5,5,35,25,10,8,,
200,6,5,38,25,13,8,,
332,4,2,39,25,14,8,,
102,2,2,37,25,12,8,,
271,2,2,29,25,4,8,,
344,3,4,13,8,5,8,,
118,4,4,39,25,14,8,,
101,1,4,33,25,8,8,,
329,1,4,34,25,9,8,,
275,3,4,22,15,7,8,,
226,7,1,41,25,16,7,,
101,5,1,38,25,13,7,,
101,7,3,28,18,10,7,,
112,6,3,43,25,18,7,,
142,8,5,36,25,11,7,,
125,5,5,39,25,14,7,,
102,7,5,31,25,6,7,,
203,7,5,44,25,19,7,,
373,1,2,39,25,14,7,,
375,1,2,14,12,2,7,,
116,3,2,41,25,16,7,,
110,3,2,22,16,6,7,,
310,3,2,32,25,7,7,,
246,2,4,34,25,9,7,,
116,2,4,65,32,33,7,,
103,3,4,17,16,1,7,,
309,4,4,18,12,6,7,,
271,8,1,31,25,6,6,,
261,7,1,18,12,6,6,,
275,8,3,32,25,7,6,,
106,7,3,28,24,4,6,,
342,7,3,31,25,6,6,,
108,5678,3,18,8,10,6,,
230,8,3,21,16,5,6,,
321,5,3,14,12,2,6,,
271,7,3,29,25,4,6,,
108,8,5,34,25,9,6,,
258,8,5,44,25,19,6,,
103,5,5,24,18,6,6,,
205,4,2,32,25,7,6,,
304,2,2,26,24,2,6,,
321,3,2,16,15,1,6,,
352,1,4,26,25,1,6,,
276,3,4,38,25,13,6,,
225,1,4,37,25,12,6,,
221,1,4,16,12,4,6,,
145,4,4,26,25,1,6,,
209,8,1,33,25,8,5,,
122,7,1,27,25,2,5,,
251,8,1,48,25,23,5,,
170,5,1,30,25,5,5,,
212,6,1,39,25,14,5,,
275,5,1,18,16,2,5,,
101,7,3,30,25,5,5,,
216,8,3,19,16,3,5,,
290,5,3,31,25,6,5,,
101,5,3,35,25,10,5,,
135,8,3,17,13,4,5,,
200,6,3,33,25,8,5,,
200,8,3,16,12,4,5,,
203,5,3,47,25,22,5,,
315,7,3,31,25,6,5,,
100,8,3,33,25,8,5,,
251,7,5,29,24,5,5,,
220,6,5,34,25,9,5,,
122,8,5,26,25,1,5,,
371,6,5,28,25,3,5,,
325,8,5,37,25,12,5,,
262,6,5,41,25,16,5,,
356,3,2,32,25,7,5,,
215,4,2,24,20,4,5,,
160,1,2,39,25,14,5,,
422,1,2,31,25,6,5,,
286,4,2,20,16,4,5,,
201,4,2,34,24,10,5,,
251,4,4,33,24,9,5,,
230,3,4,33,25,8,5,,
126,1234,4,19,10,9,5,,
220,4,4,28,25,3,5,,
354,7,1,26,24,2,4,,
219,6,1,34,25,9,4,,
308,6,1,32,25,7,4,,
220,6,3,37,25,12,4,,
101,8,3,37,25,12,4,,
242,6,3,31,25,6,4,,
105,7,3,37,25,12,4,,
306,5,5,33,25,8,4,,
307,8,5,33,25,8,4,,
374,56,5,29,25,4,4,,
221,8,5,37,25,12,4,,
275,5,5,17,16,1,4,,
140,4,2,27,25,2,4,,
210,4,2,21,16,5,4,,
110,4,2,29,25,4,4,,
227,4,2,18,15,3,4,,
105,3,2,23,18,5,4,,
290,1,4,28,25,3,4,,
282,2,4,20,16,4,4,,
307,4,4,30,25,5,4,,
275,8,1,32,25,7,3,,
410,5,3,11,10,1,3,,
210,8,3,32,25,7,3,,
382,8,5,20,16,4,3,,
251,7,5,32,25,7,3,,
431,6,5,18,16,2,3,,
125,6,5,26,25,1,3,,
231,2,2,31,24,7,3,,
290,2,2,31,25,6,3,,
308,2,2,32,25,7,3,,
116,3,4,27,25,2,3,,
162,7,3,17,12,5,2,,
104,6,3,25,18,7,2,,
102,7,3,28,25,3,2,,
220,6,3,26,25,1,2,,
241,6,5,19,16,3,2,,
145,8,5,27,25,2,2,,
310,2,2,16,12,4,2,,
126,1234,2,20,10,10,2,,
315,2,2,33,32,1,2,,
210,4,4,19,16,3,2,,
273,2,4,32,25,7,2,,
304,2,4,25,24,1,2,,
222,2,4,29,25,4,2,,
204,8,1,28,25,3,1,,
374,6,1,25,24,1,1,,
251,8,3,25,24,1,1,,
150,8,3,31,25,6,1,,
132,5678,3,25,12,13,1,,
302,7,5,13,12,1,1,,
104,6,5,20,18,2,1,,
405,6,5,26,25,1,1,,
201,67,5,19,18,1,1,,
399,7,5,20,15,5,1,,
354,3,4,27,24,3,1,,
242,2,4,39,32,7,1,,
231,8,1,21,24,0,0,,
304,5,1,0,25,0,0,,
370,6,1,2,25,0,0,,
199,8,1,8,15,0,0,,
310,6,1,2,25,0,0,,
490,5678,1,3,25,0,0,,
251,8,1,18,24,0,0,,
304,6,1,24,25,0,0,,
250,7,1,24,24,0,0,,
365,8,1,6,25,0,0,,
140,8,1,13,25,0,0,,
225,5,1,11,16,0,0,,
403,5,1,8,25,0,0,,
203,8,1,15,25,0,0,,
101,8,1,17,25,0,0,,
407,6,1,2,25,0,0,,
406,8,1,6,25,0,0,,
383,6,1,16,16,0,0,,
382,8,1,12,16,0,0,,
201,7,1,1,25,0,0,,
202,8,1,1,25,0,0,,
206,5678,1,0,25,0,0,,
313,5,1,11,25,0,0,,
302,5678,1,0,25,0,0,,
200,8,1,23,25,0,0,,
123,5,1,2,25,0,0,,
304,6,1,0,18,0,0,,
208,5678,1,5,25,0,0,,
351,8,1,26,25,1,0,,
452,6,1,9,25,0,0,,
456,2,1,4,32,0,0,,
471,5,1,0,12,0,0,,
411,5678,1,0,25,0,0,,
320,6,1,1,25,0,0,,
325,5,1,10,25,0,0,,
329,6,1,35,32,3,0,,
351,8,1,3,12,0,0,,
204,5678,1,2,25,0,0,,
475,8,1,3,16,0,0,,
325,7,1,8,25,0,0,,
203,8,1,5,25,0,0,,
162,5678,1,0,25,0,0,,
251,7,1,6,25,0,0,,
163,5678,1,0,25,0,0,,
284,5,1,7,25,0,0,,
164,5678,1,1,25,0,0,,
256,8,1,13,25,0,0,,
160,5678,1,0,25,0,0,,
169,5678,1,0,25,0,0,,
165,5678,1,0,25,0,0,,
286,8,1,7,25,0,0,,
166,5678,1,0,25,0,0,,
167,5678,1,0,25,0,0,,
205,8,1,4,25,0,0,,
168,5678,1,0,25,0,0,,
203,5,1,0,25,0,0,,
101,8,1,0,25,0,0,,
200,7,1,13,25,0,0,,
322,5,1,6,11,0,0,,
480,8,1,3,16,0,0,,
212,6,1,11,25,0,0,,
200,6,1,8,25,0,0,,
104,5678,1,2,25,0,0,,
401,2,1,4,5,0,0,,
126,8,1,28,25,3,0,,
102,5,1,8,18,0,0,,
125,56,1,26,25,1,0,,
336,8,1,0,25,0,0,,
367,7,1,2,25,0,0,,
129,8,1,10,25,0,0,,
204,8,1,2,18,0,0,,
203,7,1,3,18,0,0,,
202,5678,1,0,25,0,0,,
397,5678,1,0,4,0,0,,
320,8,1,3,25,0,0,,
300,5,1,8,18,0,0,,
320,8,1,17,25,0,0,,
310,7,1,0,12,0,0,,
209,8,1,15,16,0,0,,
107,8,1,13,25,0,0,,
108,8,1,16,25,0,0,,
244,56,1,0,25,0,0,,
308,6,1,5,25,0,0,,
258,6,1,16,25,0,0,,
178,8,1,0,25,0,0,,
342,7,1,6,25,0,0,,
104,6,1,10,18,0,0,,
131,8,1,19,24,0,0,,
103,5,1,17,18,0,0,,
102,5678,1,5,25,0,0,,
232,5678,1,4,25,0,0,,
497,6,1,8,25,0,0,,
362,7,1,0,12,0,0,,
421,7,1,36,32,4,0,,
404,5,1,9,10,0,0,,
224,56,1,4,20,0,0,,
206,5678,1,0,25,0,0,,
105,56,1,10,25,0,0,,
201,7,1,4,18,0,0,,
202,8,1,3,18,0,0,,
320,5,1,5,25,0,0,,
370,5,1,0,14,0,0,,
229,5678,1,0,25,0,0,,
302,5678,1,7,18,0,0,,
308,5678,1,0,25,0,0,,
400,5,1,16,16,0,0,,
419,2,1,4,10,0,0,,
302,5,1,11,25,0,0,,
303,6,1,13,25,0,0,,
306,8,1,1,18,0,0,,
410,6,1,0,10,0,0,,
412,6,1,6,10,0,0,,
305,7,1,1,18,0,0,,
215,67,1,5,25,0,0,,
314,7,1,0,25,0,0,,
100,7,1,0,24,0,0,,
216,8,1,0,25,0,0,,
218,56,1,1,25,0,0,,
219,78,1,0,25,0,0,,
206,5678,1,1,25,0,0,,
272,6,1,8,25,0,0,,
105,6,1,16,24,0,0,,
395,7,1,1,25,0,0,,
499,5,1,0,25,0,0,,
273,7,1,14,25,0,0,,
106,8,1,0,24,0,0,,
107,7,1,20,24,0,0,,
220,8,1,14,25,0,0,,
102,5,1,20,25,0,0,,
410,5,1,14,25,0,0,,
104,5678,1,6,25,0,0,,
102,8,1,7,18,0,0,,
101,7,1,11,18,0,0,,
302,5678,1,2,25,0,0,,
220,7,1,0,25,0,0,,
304,7,1,7,18,0,0,,
202,8,1,7,18,0,0,,
305,5,1,7,15,0,0,,
475,5,1,11,24,0,0,,
201,5,1,10,18,0,0,,
308,7,1,1,25,0,0,,
200,8,1,3,25,0,0,,
309,6,1,3,25,0,0,,
282,7,1,31,32,0,0,,
301,8,1,5,4,1,0,,
451,8,1,11,25,0,0,,
205,7,1,0,25,0,0,,
350,7,1,3,25,0,0,,
432,6,1,0,3,0,0,,
306,7,1,18,18,0,0,,
305,5,1,20,18,2,0,,
317,8,1,5,25,0,0,,
302,5678,1,6,25,0,0,,
440,6,1,0,32,0,0,,
208,8,1,0,14,0,0,,
243,8,1,0,12,0,0,,
124,5678,1,20,25,0,0,,
245,6,1,0,25,0,0,,
320,8,1,5,25,0,0,,
292,8,1,22,25,0,0,,
201,5,1,14,18,0,0,,
202,6,1,4,18,0,0,,
204,5678,1,0,25,0,0,,
101,78,1,12,18,0,0,,
290,6,1,13,25,0,0,,
307,56,1,1,25,0,0,,
104,5678,1,5,25,0,0,,
365,8,1,21,25,0,0,,
237,6,1,4,25,0,0,,
238,7,1,0,25,0,0,,
230,6,1,0,32,0,0,,
222,5,1,23,25,0,0,,
342,8,1,24,25,0,0,,
222,7,1,2,25,0,0,,
100,78,1,0,25,0,0,,
415,67,1,2,25,0,0,,
416,78,1,0,25,0,0,,
121,8,1,9,25,0,0,,
476,8,1,7,32,0,0,,
352,8,1,27,25,2,0,,
308,7,1,17,25,0,0,,
120,6,1,0,25,0,0,,
256,5,1,5,25,0,0,,
344,7,1,0,25,0,0,,
226,5,1,6,25,0,0,,
225,5,1,25,25,0,0,,
118,5678,1,2,25,0,0,,
101,7,1,20,18,2,0,,
102,8,1,13,18,0,0,,
470,6,1,8,10,0,0,,
233,8,1,1,12,0,0,,
104,5678,1,4,25,0,0,,
113,5678,1,9,24,0,0,,
243,8,1,19,25,0,0,,
244,7,1,14,25,0,0,,
255,5,1,8,25,0,0,,
245,8,1,9,25,0,0,,
250,8,1,11,25,0,0,,
247,7,1,14,12,2,0,,
102,7,1,16,25,0,0,,
341,8,1,17,25,0,0,,
131,6,1,10,32,0,0,,
235,7,1,12,25,0,0,,
355,8,1,8,25,0,0,,
242,6,1,29,25,4,0,,
247,5,1,0,25,0,0,,
207,8,1,22,25,0,0,,
208,8,1,5,32,0,0,,
320,8,1,0,14,0,0,,
259,5,1,2,25,0,0,,
412,7,1,0,14,0,0,,
315,5,1,10,25,0,0,,
330,7,1,13,14,0,0,,
300,8,1,3,25,0,0,,
263,7,1,3,17,0,0,,
120,6,1,0,16,0,0,,
408,8,1,11,25,0,0,,
328,7,1,0,25,0,0,,
206,7,1,5,25,0,0,,
329,8,1,13,25,0,0,,
208,78,1,1,25,0,0,,
258,8,1,1,25,0,0,,
260,5678,1,0,15,0,0,,
391,8,1,0,19,0,0,,
390,5678,1,5,12,0,0,,
200,8,1,26,25,1,0,,
350,8,1,4,25,0,0,,
390,5,1,8,25,0,0,,
270,7,1,0,16,0,0,,
420,8,1,0,25,0,0,,
210,7,1,4,14,0,0,,
350,5,1,7,25,0,0,,
399,8,1,0,12,0,0,,
395,5678,1,0,25,0,0,,
392,8,1,0,80,0,0,,
307,7,1,27,25,2,0,,
250,8,1,13,25,0,0,,
200,8,1,2,25,0,0,,
223,5678,1,1,25,0,0,,
102,8,1,0,8,0,0,,
101,78,1,0,8,0,0,,
304,5,1,6,25,0,0,,
311,8,1,10,25,0,0,,
125,8,1,26,25,1,0,,
300,8,1,13,25,0,0,,
106,5,1,0,16,0,0,,
320,5,1,6,25,0,0,,
105,5,1,0,16,0,0,,
292,8,1,7,25,0,0,,
290,2,1,0,25,0,0,,
101,5,1,0,16,0,0,,
110,8,1,20,25,0,0,,
426,7,1,17,25,0,0,,
160,7,1,24,25,0,0,,
431,7,1,3,15,0,0,,
101,56,1,1,18,0,0,,
185,5,1,11,25,0,0,,
430,8,1,7,25,0,0,,
280,6,1,4,25,0,0,,
405,6,1,24,25,0,0,,
104,5678,1,1,25,0,0,,
200,5,1,0,25,0,0,,
112,7,1,26,25,1,0,,
201,78,1,8,18,0,0,,
113,8,1,0,25,0,0,,
260,56,1,11,25,0,0,,
299,78,1,0,25,0,0,,
118,6,1,20,25,0,0,,
435,6,1,8,25,0,0,,
116,7,1,22,25,0,0,,
235,6,1,8,25,0,0,,
204,5678,1,7,25,0,0,,
260,8,1,0,25,0,0,,
280,8,1,13,25,0,0,,
251,7,1,10,25,0,0,,
285,5,1,0,16,0,0,,
286,7,1,0,16,0,0,,
433,7,1,2,15,0,0,,
250,7,1,0,12,0,0,,
322,7,1,8,25,0,0,,
228,7,1,16,25,0,0,,
200,5,1,15,25,0,0,,
229,8,1,15,25,0,0,,
316,8,1,11,25,0,0,,
260,8,1,6,25,0,0,,
206,5678,1,1,25,0,0,,
399,5,1,5,16,0,0,,
285,5,1,9,25,0,0,,
131,2,1,0,25,0,0,,
275,8,1,0,15,0,0,,
201,7,1,5,18,0,0,,
410,5,1,7,12,0,0,,
202,8,1,5,18,0,0,,
318,8,1,17,25,0,0,,
360,6,1,7,25,0,0,,
305,7,1,10,25,0,0,,
312,6,1,10,12,0,0,,
104,5678,1,2,25,0,0,,
380,8,1,5,25,0,0,,
381,8,1,8,25,0,0,,
114,5678,1,0,25,0,0,,
304,8,1,5,25,0,0,,
111,56,1,13,18,0,0,,
420,6,1,7,12,0,0,,
236,6,1,18,25,0,0,,
370,5,1,21,32,0,0,,
250,7,1,18,25,0,0,,
125,7,1,19,25,0,0,,
385,7,1,0,25,0,0,,
477,8,1,12,25,0,0,,
302,7,1,6,18,0,0,,
218,5,1,5,25,0,0,,
421,6,1,9,25,0,0,,
114,5678,1,0,25,0,0,,
116,5678,1,0,25,0,0,,
117,5678,1,0,25,0,0,,
110,5678,1,0,25,0,0,,
112,5678,1,0,25,0,0,,
113,5678,1,0,25,0,0,,
118,5678,1,0,25,0,0,,
481,6,1,1,16,0,0,,
120,6,1,0,25,0,0,,
485,7,1,1,12,0,0,,
206,8,1,23,25,0,0,,
114,8,1,0,16,0,0,,
101,6,1,9,25,0,0,,
212,8,1,6,18,0,0,,
205,7,1,15,25,0,0,,
123,6,1,0,25,0,0,,
372,5,1,18,25,0,0,,
261,5,1,6,12,0,0,,
418,8,1,6,25,0,0,,
121,5,1,19,25,0,0,,
141,6,1,20,32,0,0,,
200,8,1,5,25,0,0,,
416,6,1,14,25,0,0,,
377,7,1,17,25,0,0,,
214,5678,1,0,25,0,0,,
110,8,1,14,16,0,0,,
227,8,1,0,25,0,0,,
222,8,1,8,18,0,0,,
107,5678,1,0,25,0,0,,
228,8,1,13,15,0,0,,
220,5,1,17,25,0,0,,
579,567,1,1,6,0,0,,
350,7,1,0,25,0,0,,
103,8,1,0,16,0,0,,
577,8,1,1,25,0,0,,
101,56,1,5,18,0,0,,
221,8,1,17,25,0,0,,
281,6,1,0,25,0,0,,
160,6,1,0,25,0,0,,
102,6,1,0,16,0,0,,
231,7,1,0,25,0,0,,
572,8,1,0,25,0,0,,
226,6,1,8,10,0,0,,
245,8,1,12,25,0,0,,
401,2,1,0,25,0,0,,
210,8,1,0,16,0,0,,
104,5678,1,0,25,0,0,,
574,5678,1,0,25,0,0,,
231,6,1,15,25,0,0,,
110,8,1,19,25,0,0,,
325,7,1,19,25,0,0,,
125,8,1,29,25,4,0,,
217,7,1,3,25,0,0,,
330,8,1,26,25,1,0,,
312,8,1,2,18,0,0,,
221,5,1,16,25,0,0,,
564,5678,1,0,25,0,0,,
110,7,1,0,25,0,0,,
210,6,1,6,25,0,0,,
226,7,1,9,25,0,0,,
225,6,1,27,25,2,0,,
355,7,1,24,25,0,0,,
314,5678,1,0,25,0,0,,
200,6,1,0,25,0,0,,
410,7,1,4,25,0,0,,
202,7,1,0,25,0,0,,
310,7,1,5,25,0,0,,
348,7,1,0,15,0,0,,
347,6,1,14,25,0,0,,
408,7,1,5,25,0,0,,
315,6,1,7,25,0,0,,
202,8,1,3,18,0,0,,
237,8,1,0,25,0,0,,
200,6,1,1,25,0,0,,
400,8,1,9,25,0,0,,
102,8,1,20,25,0,0,,
255,6,1,15,25,0,0,,
204,5678,1,0,25,0,0,,
101,8,1,21,25,0,0,,
322,5678,1,1,18,0,0,,
333,8,1,7,25,0,0,,
220,8,1,17,25,0,0,,
159,5678,1,0,25,0,0,,
155,8,1,0,25,0,0,,
398,7,1,25,25,0,0,,
205,8,1,11,25,0,0,,
547,5678,1,0,25,0,0,,
372,8,1,3,25,0,0,,
130,5,1,1,25,0,0,,
101,67,1,13,18,0,0,,
330,8,1,0,25,0,0,,
543,5678,1,0,25,0,0,,
203,6,1,17,25,0,0,,
341,6,1,10,25,0,0,,
104,5678,1,0,25,0,0,,
200,8,1,0,25,0,0,,
244,5,1,22,25,0,0,,
412,8,1,0,18,0,0,,
217,6,1,23,25,0,0,,
108,5678,1,7,8,0,0,,
140,5678,1,0,25,0,0,,
349,6,1,10,25,0,0,,
237,7,1,6,15,0,0,,
201,8,1,28,24,4,0,,
110,7,1,0,25,0,0,,
147,5678,1,0,25,0,0,,
148,5678,1,0,25,0,0,,
149,5678,1,0,25,0,0,,
316,8,1,15,25,0,0,,
100,8,1,0,25,0,0,,
230,8,1,1,16,0,0,,
145,5678,1,0,25,0,0,,
146,5678,1,0,25,0,0,,
205,5,1,0,25,0,0,,
325,7,1,0,25,0,0,,
301,5,1,0,12,0,0,,
315,7,1,14,25,0,0,,
310,7,1,12,25,0,0,,
354,5,1,2,25,0,0,,
305,5,1,12,15,0,0,,
290,5,1,9,25,0,0,,
304,5678,1,0,25,0,0,,
201,7,1,0,25,0,0,,
302,8,1,0,18,0,0,,
224,6,1,0,25,0,0,,
130,5678,1,0,25,0,0,,
251,5,1,8,25,0,0,,
131,5678,1,0,25,0,0,,
105,8,1,7,18,0,0,,
22,5678,1,1,18,0,0,,
201,5,1,15,25,0,0,,
358,7,1,11,25,0,0,,
136,5678,1,0,25,0,0,,
200,6,1,7,25,0,0,,
137,5678,1,0,25,0,0,,
138,5678,1,0,25,0,0,,
139,5678,1,0,25,0,0,,
132,5678,1,0,25,0,0,,
133,5678,1,0,25,0,0,,
391,5,1,13,25,0,0,,
134,5678,1,0,25,0,0,,
135,5678,1,0,25,0,0,,
316,8,1,0,25,0,0,,
145,8,1,0,25,0,0,,
315,5,1,15,25,0,0,,
100,8,1,25,25,0,0,,
344,8,1,18,25,0,0,,
105,8,1,20,25,0,0,,
241,7,1,12,32,0,0,,
401,5,1,3,14,0,0,,
212,8,1,4,12,0,0,,
242,8,1,26,32,0,0,,
398,5678,1,1,25,0,0,,
110,6,1,12,14,0,0,,
218,5,1,0,12,0,0,,
105,5,1,18,25,0,0,,
361,7,1,12,12,0,0,,
129,6,1,14,25,0,0,,
210,5,1,0,16,0,0,,
211,7,1,7,25,0,0,,
126,5678,1,0,25,0,0,,
127,5678,1,0,25,0,0,,
128,5678,1,0,25,0,0,,
121,5678,1,0,25,0,0,,
122,5678,1,0,25,0,0,,
123,5678,1,0,25,0,0,,
124,5678,1,0,25,0,0,,
425,5,1,0,12,0,0,,
303,8,1,20,25,0,0,,
129,5678,1,0,25,0,0,,
204,8,1,7,25,0,0,,
203,8,1,1,16,0,0,,
510,7,1,1,25,0,0,,
201,6,1,10,12,0,0,,
240,8,1,10,12,0,0,,
132,5678,1,16,12,4,0,,
302,8,1,10,25,0,0,,
301,7,1,16,25,0,0,,
399,8,1,0,15,0,0,,
207,8,1,16,16,0,0,,
402,8,1,0,18,0,0,,
210,5,1,11,25,0,0,,
231,8,3,18,24,0,0,,
,,3,0,0,0,0,,
12,5678,3,4,18,0,0,,
370,8,3,5,25,0,0,,
199,8,3,14,15,0,0,,
127,9,3,0,15,0,0,,
128,9,3,0,25,0,0,,
314,7,3,4,18,0,0,,
490,5678,3,5,25,0,0,,
250,8,3,5,24,0,0,,
304,8,3,20,25,0,0,,
365,8,3,11,25,0,0,,
203,9,3,0,25,0,0,,
319,6,3,15,25,0,0,,
204,6,3,19,25,0,0,,
406,8,3,18,25,0,0,,
383,6,3,12,16,0,0,,
382,8,3,0,16,0,0,,
201,7,3,2,25,0,0,,
202,8,3,2,25,0,0,,
312,5,3,10,25,0,0,,
206,5678,3,0,25,0,0,,
302,5678,3,2,25,0,0,,
200,7,3,12,25,0,0,,
208,5678,3,6,25,0,0,,
351,8,3,18,25,0,0,,
452,6,3,15,25,0,0,,
343,8,3,0,25,0,0,,
456,2,3,0,25,0,0,,
211,6,3,6,25,0,0,,
117,9,3,0,25,0,0,,
471,7,3,13,25,0,0,,
411,9,3,0,25,0,0,,
329,6,3,23,32,0,0,,
204,5678,3,0,25,0,0,,
475,8,3,4,16,0,0,,
203,9,3,0,25,0,0,,
161,5678,3,0,25,0,0,,
330,7,3,2,32,0,0,,
162,5678,3,0,25,0,0,,
251,5,3,16,25,0,0,,
163,5678,3,0,25,0,0,,
164,5678,3,0,25,0,0,,
256,6,3,10,25,0,0,,
375,6,3,7,25,0,0,,
160,5678,3,0,25,0,0,,
169,5678,3,0,25,0,0,,
165,5678,3,0,25,0,0,,
286,8,3,2,25,0,0,,
166,5678,3,0,25,0,0,,
167,5678,3,0,25,0,0,,
168,5678,3,0,25,0,0,,
200,9,3,0,25,0,0,,
322,5,3,13,11,2,0,,
212,7,3,0,25,0,0,,
333,5,3,0,25,0,0,,
104,5678,3,1,25,0,0,,
126,9,3,0,25,0,0,,
125,56,3,20,25,0,0,,
241,6,3,12,16,0,0,,
339,8,3,11,25,0,0,,
129,7,3,13,25,0,0,,
204,8,3,3,18,0,0,,
203,7,3,3,18,0,0,,
202,5678,3,0,25,0,0,,
397,5678,3,0,4,0,0,,
320,8,3,17,25,0,0,,
281,9,3,0,25,0,0,,
320,5,3,27,25,2,0,,
302,5678,3,0,25,0,0,,
323,8,3,6,12,0,0,,
209,6,3,0,16,0,0,,
104,9,3,0,25,0,0,,
107,8,3,14,25,0,0,,
108,8,3,17,25,0,0,,
244,56,3,28,25,3,0,,
305,5,3,3,18,0,0,,
296,56,3,3,25,0,0,,
178,6,3,11,12,0,0,,
131,8,3,17,24,0,0,,
102,5678,3,1,25,0,0,,
401,5,3,0,2,0,0,,
232,5678,3,9,25,0,0,,
497,6,3,12,25,0,0,,
240,8,3,8,25,0,0,,
316,8,3,18,25,0,0,,
408,2,3,0,10,0,0,,
421,7,3,41,32,9,0,,
204,5678,3,8,25,0,0,,
404,9,3,0,10,0,0,,
309,9,3,0,25,0,0,,
204,9,3,0,25,0,0,,
103,78,3,10,25,0,0,,
224,78,3,4,20,0,0,,
206,5678,3,3,25,0,0,,
105,56,3,0,25,0,0,,
201,5,3,3,18,0,0,,
202,6,3,4,18,0,0,,
106,56,3,6,25,0,0,,
229,5678,3,0,25,0,0,,
302,5678,3,1,18,0,0,,
308,5678,3,0,25,0,0,,
400,5,3,18,16,2,0,,
302,5,3,10,25,0,0,,
306,8,3,0,18,0,0,,
412,5,3,5,10,0,0,,
305,7,3,0,18,0,0,,
311,9,3,0,25,0,0,,
380,7,3,24,25,0,0,,
300,9,3,0,25,0,0,,
314,7,3,14,25,0,0,,
100,8,3,0,24,0,0,,
218,56,3,3,25,0,0,,
219,78,3,2,25,0,0,,
341,9,3,0,15,0,0,,
120,9,3,0,25,0,0,,
206,5678,3,3,25,0,0,,
272,6,3,21,25,0,0,,
105,7,3,14,24,0,0,,
395,7,3,4,25,0,0,,
499,5,3,13,25,0,0,,
107,6,3,16,24,0,0,,
102,9,3,0,25,0,0,,
410,5,3,9,12,0,0,,
204,5678,3,16,25,0,0,,
104,5678,3,1,25,0,0,,
102,8,3,10,18,0,0,,
300,9,3,0,20,0,0,,
101,7,3,12,18,0,0,,
302,5678,3,0,25,0,0,,
220,7,3,11,25,0,0,,
202,8,3,3,18,0,0,,
305,5,3,9,15,0,0,,
475,8,3,5,25,0,0,,
201,5,3,8,18,0,0,,
306,6,3,10,18,0,0,,
200,8,3,18,25,0,0,,
199,9,3,0,25,0,0,,
219,8,3,21,25,0,0,,
301,7,3,3,4,0,0,,
285,5,3,9,25,0,0,,
451,8,3,4,25,0,0,,
205,8,3,0,25,0,0,,
350,7,3,0,25,0,0,,
432,7,3,1,3,0,0,,
306,5,3,17,18,0,0,,
304,6,3,4,18,0,0,,
305,9,3,0,15,0,0,,
302,5678,3,3,25,0,0,,
440,5,3,12,24,0,0,,
319,5,3,4,25,0,0,,
208,8,3,12,14,0,0,,
124,5678,3,24,25,0,0,,
320,7,3,3,25,0,0,,
292,8,3,26,25,1,0,,
201,5,3,21,18,3,0,,
213,56,3,0,25,0,0,,
202,6,3,14,18,0,0,,
204,5678,3,3,25,0,0,,
101,78,3,10,18,0,0,,
221,5,3,4,12,0,0,,
329,8,3,13,25,0,0,,
307,56,3,6,25,0,0,,
104,5678,3,1,25,0,0,,
235,7,3,18,25,0,0,,
255,5,3,0,25,0,0,,
222,9,3,0,25,0,0,,
100,78,3,0,25,0,0,,
415,56,3,2,25,0,0,,
416,78,3,1,25,0,0,,
306,9,3,0,24,0,0,,
121,8,3,8,25,0,0,,
476,8,3,8,32,0,0,,
308,7,3,9,25,0,0,,
120,6,3,15,25,0,0,,
301,6,3,4,25,0,0,,
225,9,3,0,25,0,0,,
118,5678,3,0,25,0,0,,
102,8,3,19,18,1,0,,
470,6,3,6,10,0,0,,
233,7,3,7,16,0,0,,
104,5678,3,4,25,0,0,,
113,5678,3,27,24,3,0,,
232,7,3,5,32,0,0,,
244,7,3,7,25,0,0,,
255,5,3,9,32,0,0,,
245,8,3,13,25,0,0,,
341,8,3,23,25,0,0,,
130,6,3,18,25,0,0,,
360,8,3,11,18,0,0,,
236,8,3,22,25,0,0,,
247,7,3,8,25,0,0,,
326,6,3,7,25,0,0,,
206,8,3,7,25,0,0,,
372,5,3,5,25,0,0,,
250,5678,3,8,25,0,0,,
241,6,3,5,25,0,0,,
315,5,3,14,25,0,0,,
311,8,3,4,25,0,0,,
300,7,3,1,25,0,0,,
120,6,3,0,17,0,0,,
408,9,3,0,25,0,0,,
206,5,3,4,25,0,0,,
207,7,3,26,25,1,0,,
360,5,3,9,25,0,0,,
329,8,3,7,25,0,0,,
391,8,3,36,19,17,0,,
390,5678,3,4,12,0,0,,
200,6,3,20,25,0,0,,
350,8,3,2,25,0,0,,
390,5,3,13,25,0,0,,
270,7,3,7,16,0,0,,
420,8,3,4,25,0,0,,
210,7,3,2,14,0,0,,
215,78,3,0,25,0,0,,
217,6,3,8,16,0,0,,
399,56,3,0,12,0,0,,
395,5678,3,7,25,0,0,,
240,9,3,0,25,0,0,,
307,5,3,13,25,0,0,,
250,78,3,4,25,0,0,,
200,9,3,0,25,0,0,,
102,8,3,0,8,0,0,,
101,78,3,1,8,0,0,,
311,8,3,6,25,0,0,,
125,9,3,0,25,0,0,,
300,9,3,0,25,0,0,,
106,5,3,0,17,0,0,,
320,5,3,6,25,0,0,,
292,7,3,21,25,0,0,,
420,56,3,0,25,0,0,,
104,5,3,0,17,0,0,,
300,56,3,0,25,0,0,,
290,8,3,13,25,0,0,,
101,5,3,0,17,0,0,,
305,9,3,0,25,0,0,,
213,8,3,11,25,0,0,,
160,7,3,17,25,0,0,,
130,9,3,0,16,0,0,,
101,78,3,3,18,0,0,,
185,8,3,10,25,0,0,,
210,9,3,0,25,0,0,,
405,6,3,25,25,0,0,,
101,6,3,11,25,0,0,,
435,8,3,11,12,0,0,,
104,5678,3,1,25,0,0,,
200,8,3,20,25,0,0,,
201,5-Sep,3,4,18,0,0,,
113,7,3,20,25,0,0,,
260,56,3,9,25,0,0,,
218,5,3,22,25,0,0,,
299,56,3,10,18,0,0,,
435,6,3,8,25,0,0,,
216,7,3,10,25,0,0,,
235,6,3,9,25,0,0,,
204,5678,3,7,25,0,0,,
260,8,3,15,12,3,0,,
280,9,3,0,25,0,0,,
251,6,3,23,25,0,0,,
286,7,3,9,16,0,0,,
433,7,3,2,15,0,0,,
250,8,3,11,25,0,0,,
322,8,3,4,25,0,0,,
228,5,3,16,25,0,0,,
200,6,3,16,25,0,0,,
229,6,3,17,25,0,0,,
316,6,3,17,25,0,0,,
206,5678,3,0,25,0,0,,
399,5,3,2,16,0,0,,
285,8,3,10,25,0,0,,
201,7,3,3,18,0,0,,
410,5,3,11,12,0,0,,
495,5678,3,2,25,0,0,,
202,8,3,4,18,0,0,,
182,9,3,0,25,0,0,,
360,5,3,5,25,0,0,,
101,5-Sep,3,3,18,0,0,,
312,7,3,4,25,0,0,,
316,5,3,4,25,0,0,,
104,5678,3,3,25,0,0,,
380,7,3,3,25,0,0,,
381,8,3,0,25,0,0,,
114,5678,3,0,25,0,0,,
304,7,3,13,25,0,0,,
111,56,3,13,18,0,0,,
420,6,3,18,24,0,0,,
236,8,3,11,25,0,0,,
308,8,3,4,25,0,0,,
246,5,3,23,25,0,0,,
302,6,3,6,25,0,0,,
250,8,3,5,25,0,0,,
372,8,3,6,25,0,0,,
252,8,3,10,12,0,0,,
385,7,3,15,25,0,0,,
477,8,3,20,25,0,0,,
235,7,3,18,25,0,0,,
302,7,3,3,18,0,0,,
300,8,3,11,25,0,0,,
421,6,3,14,25,0,0,,
114,5678,3,0,25,0,0,,
116,5678,3,0,25,0,0,,
117,5678,3,0,25,0,0,,
110,5678,3,0,25,0,0,,
112,5678,3,0,25,0,0,,
113,5678,3,0,25,0,0,,
400,6,3,4,15,0,0,,
118,5678,3,0,25,0,0,,
110,9,3,0,25,0,0,,
481,6,3,4,16,0,0,,
240,9,3,0,25,0,0,,
363,9,3,0,25,0,0,,
485,7,3,5,12,0,0,,
365,5,3,15,25,0,0,,
212,8,3,2,18,0,0,,
205,7,3,10,25,0,0,,
324,8,3,0,25,0,0,,
372,5,3,17,25,0,0,,
261,5,3,11,12,0,0,,
418,8,3,4,25,0,0,,
121,5,3,20,25,0,0,,
202,5,3,0,25,0,0,,
141,6,3,10,32,0,0,,
417,5,3,9,25,0,0,,
200,9,3,0,10,0,0,,
377,6,3,20,25,0,0,,
214,5678,3,0,25,0,0,,
222,8,3,12,18,0,0,,
107,5678,3,0,25,0,0,,
228,9,3,0,25,0,0,,
220,8,3,24,25,0,0,,
579,7-Sep,3,0,11,0,0,,
374,56,3,20,24,0,0,,
577,8,3,0,25,0,0,,
222,8,3,2,25,0,0,,
101,56,3,4,18,0,0,,
221,5,3,11,25,0,0,,
231,9,3,0,25,0,0,,
572,8,3,0,25,0,0,,
226,6,3,6,10,0,0,,
401,2,3,3,18,0,0,,
104,5678,3,2,25,0,0,,
574,5678,3,0,25,0,0,,
110,9,3,0,25,0,0,,
350,6,3,5,32,0,0,,
325,8,3,22,25,0,0,,
125,7,3,19,25,0,0,,
205,8,3,23,25,0,0,,
217,7,3,1,25,0,0,,
312,8,3,6,25,0,0,,
221,6,3,17,25,0,0,,
228,6,3,2,25,0,0,,
564,5678,3,0,25,0,0,,
210,5,3,2,25,0,0,,
351,6,3,13,25,0,0,,
225,7,3,10,25,0,0,,
314,5678,3,0,25,0,0,,
410,7,3,7,25,0,0,,
325,2,3,2,8,0,0,,
310,5,3,18,25,0,0,,
408,7,3,6,25,0,0,,
315,7,3,17,25,0,0,,
311,9,3,0,25,0,0,,
100,78,3,10,25,0,0,,
200,6,3,4,25,0,0,,
102,8,3,19,25,0,0,,
204,5678,3,1,25,0,0,,
101,7,3,19,25,0,0,,
322,5678,3,2,18,0,0,,
340,7,3,7,25,0,0,,
208,8,3,12,25,0,0,,
159,5678,3,0,25,0,0,,
398,5,3,9,25,0,0,,
205,8,3,9,25,0,0,,
547,5678,3,0,25,0,0,,
101,67,3,17,18,0,0,,
371,8,3,7,25,0,0,,
249,8,3,11,25,0,0,,
543,5678,3,0,25,0,0,,
341,6,3,12,25,0,0,,
200,8,3,15,25,0,0,,
244,5,3,17,25,0,0,,
412,8,3,0,25,0,0,,
217,8,3,21,25,0,0,,
140,5678,3,0,25,0,0,,
349,6,3,9,25,0,0,,
201,8,3,21,24,0,0,,
321,7,3,16,24,0,0,,
110,7,3,0,25,0,0,,
147,5678,3,0,25,0,0,,
148,5678,3,0,25,0,0,,
149,5678,3,0,25,0,0,,
316,8,3,18,25,0,0,,
145,5678,3,0,25,0,0,,
146,5678,3,0,25,0,0,,
335,6,3,17,25,0,0,,
310,5,3,18,25,0,0,,
354,5,3,3,25,0,0,,
332,56,3,20,25,0,0,,
305,5,3,4,15,0,0,,
290,5,3,1,25,0,0,,
304,5678,3,0,25,0,0,,
274,7,3,10,25,0,0,,
224,6,3,8,25,0,0,,
130,5678,3,0,25,0,0,,
251,5,3,11,25,0,0,,
131,5678,3,0,25,0,0,,
22,5678,3,5,18,0,0,,
229,5,3,8,25,0,0,,
357,7,3,6,25,0,0,,
271,7,3,5,25,0,0,,
410,5,3,13,25,0,0,,
136,5678,3,0,25,0,0,,
137,5678,3,0,25,0,0,,
138,5678,3,0,25,0,0,,
139,5678,3,0,25,0,0,,
132,5678,3,0,25,0,0,,
133,5678,3,0,25,0,0,,
391,5,3,13,25,0,0,,
134,5678,3,0,25,0,0,,
135,5678,3,0,25,0,0,,
101,8,3,9,16,0,0,,
275,5,3,6,16,0,0,,
241,7,3,28,32,0,0,,
401,7,3,5,14,0,0,,
212,8,3,1,12,0,0,,
242,8,3,21,32,0,0,,
398,5678,3,3,25,0,0,,
110,6,3,13,14,0,0,,
361,7,3,9,12,0,0,,
301,6,3,7,24,0,0,,
214,56,3,0,25,0,0,,
210,8,3,5,16,0,0,,
211,6,3,3,25,0,0,,
126,5678,3,0,25,0,0,,
127,5678,3,0,25,0,0,,
128,5678,3,0,25,0,0,,
121,5678,3,0,25,0,0,,
122,5678,3,0,25,0,0,,
123,5678,3,0,25,0,0,,
124,5678,3,0,25,0,0,,
303,8,3,16,25,0,0,,
375,9,3,0,25,0,0,,
129,5678,3,0,25,0,0,,
140,5,3,7,25,0,0,,
325,8,3,3,25,0,0,,
510,9,3,0,25,0,0,,
112,8,3,20,25,0,0,,
302,8,3,16,25,0,0,,
301,7,3,10,25,0,0,,
399,7,3,13,15,0,0,,
231,8,5,13,24,0,0,,
,,5,0,0,0,0,,
12,5678,5,1,25,0,0,,
425,56,5,0,25,0,0,,
250,5,5,0,25,0,0,,
127,9,5,0,15,0,0,,
128,8,5,24,25,0,0,,
309,8,5,11,25,0,0,,
490,5678,5,1,25,0,0,,
250,7,5,12,24,0,0,,
304,8,5,0,25,0,0,,
140,8,5,12,25,0,0,,
403,5,5,9,25,0,0,,
203,8,5,12,25,0,0,,
101,8,5,22,25,0,0,,
300,6,5,0,25,0,0,,
406,8,5,15,25,0,0,,
383,6,5,13,16,0,0,,
201,7,5,2,25,0,0,,
202,8,5,2,25,0,0,,
206,5678,5,1,25,0,0,,
302,5678,5,2,25,0,0,,
200,7,5,19,25,0,0,,
117,7,5,12,25,0,0,,
327,5,5,6,25,0,0,,
208,5678,5,4,25,0,0,,
351,8,5,17,25,0,0,,
150,8,5,14,25,0,0,,
452,6,5,16,25,0,0,,
209,5,5,21,25,0,0,,
456,2,5,3,25,0,0,,
411,5,5,20,25,0,0,,
325,7,5,13,25,0,0,,
329,6,5,22,32,0,0,,
351,8,5,5,12,0,0,,
204,5678,5,0,25,0,0,,
203,9,5,0,25,0,0,,
113,5,5,8,25,0,0,,
162,5678,5,0,25,0,0,,
163,5678,5,0,25,0,0,,
164,5678,5,1,25,0,0,,
285,6,5,4,25,0,0,,
331,5,5,0,25,0,0,,
101,5,5,10,18,0,0,,
375,5,5,9,12,0,0,,
160,5678,5,0,25,0,0,,
169,5678,5,0,25,0,0,,
165,5678,5,0,25,0,0,,
286,8,5,8,25,0,0,,
166,5678,5,0,25,0,0,,
167,5678,5,0,25,0,0,,
205,8,5,0,16,0,0,,
168,5678,5,0,25,0,0,,
342,6,5,3,18,0,0,,
200,7,5,12,25,0,0,,
322,5,5,10,11,0,0,,
480,7,5,14,16,0,0,,
212,7,5,13,25,0,0,,
333,5,5,15,25,0,0,,
104,5678,5,0,25,0,0,,
401,6,5,0,5,0,0,,
126,8,5,21,25,0,0,,
102,6,5,7,18,0,0,,
125,56,5,13,25,0,0,,
336,7,5,2,25,0,0,,
129,8,5,12,25,0,0,,
366,7,5,2,25,0,0,,
204,8,5,5,18,0,0,,
203,7,5,5,18,0,0,,
202,5678,5,2,25,0,0,,
397,5678,5,1,4,0,0,,
320,8,5,11,25,0,0,,
320,8,5,0,25,0,0,,
310,8,5,10,12,0,0,,
262,5,5,5,15,0,0,,
209,8,5,17,16,1,0,,
104,9,5,0,25,0,0,,
107,8,5,25,25,0,0,,
244,56,5,8,25,0,0,,
431,5,5,0,25,0,0,,
300,8,5,11,25,0,0,,
178,8,5,12,25,0,0,,
102,5678,5,4,25,0,0,,
401,6,5,0,2,0,0,,
232,5678,5,11,25,0,0,,
497,6,5,22,25,0,0,,
375,6,5,10,25,0,0,,
316,5,5,4,25,0,0,,
421,7,5,54,32,22,0,,
404,6,5,0,10,0,0,,
204,9,5,0,25,0,0,,
103,56,5,7,25,0,0,,
224,67,5,0,20,0,0,,
206,5678,5,1,25,0,0,,
201,5,5,6,18,0,0,,
202,6,5,6,18,0,0,,
106,78,5,14,25,0,0,,
229,5678,5,0,25,0,0,,
308,5678,5,1,25,0,0,,
400,5,5,19,16,3,0,,
303,8,5,10,25,0,0,,
306,8,5,2,18,0,0,,
412,6,5,0,10,0,0,,
305,7,5,2,18,0,0,,
201,7,5,5,3,2,0,,
381,6,5,2,25,0,0,,
300,9,5,0,25,0,0,,
318,6,5,5,25,0,0,,
218,56,5,4,25,0,0,,
219,78,5,3,25,0,0,,
341,9,5,0,15,0,0,,
206,5678,5,2,25,0,0,,
272,5,5,16,25,0,0,,
105,6,5,16,24,0,0,,
105,7,5,32,25,7,0,,
395,7,5,5,25,0,0,,
499,5,5,12,25,0,0,,
106,6,5,22,24,0,0,,
107,7,5,11,24,0,0,,
215,7,5,1,25,0,0,,
102,5,5,21,25,0,0,,
274,8,5,18,25,0,0,,
204,5678,5,0,32,0,0,,
104,5678,5,4,25,0,0,,
102,6,5,16,18,0,0,,
200,5678,5,3,25,0,0,,
300,9,5,0,20,0,0,,
101,5,5,17,18,0,0,,
302,5678,5,1,25,0,0,,
220,8,5,12,25,0,0,,
304,8,5,10,18,0,0,,
202,8,5,4,18,0,0,,
305,5,5,3,15,0,0,,
201,5,5,6,18,0,0,,
306,6,5,7,18,0,0,,
200,8,5,0,25,0,0,,
199,9,5,0,25,0,0,,
451,8,5,10,25,0,0,,
432,7,5,1,3,0,0,,
306,6,5,10,18,0,0,,
305,5,5,17,15,2,0,,
302,5678,5,2,25,0,0,,
440,7,5,7,24,0,0,,
208,8,5,1,14,0,0,,
124,5678,5,19,25,0,0,,
320,8,5,11,25,0,0,,
201,5,5,10,18,0,0,,
202,6,5,10,18,0,0,,
204,5678,5,3,25,0,0,,
101,78,5,13,18,0,0,,
329,7,5,11,25,0,0,,
307,78,5,3,25,0,0,,
104,5678,5,2,25,0,0,,
250,6,5,6,25,0,0,,
222,9,5,0,25,0,0,,
252,5,5,3,12,0,0,,
100,5678,5,0,25,0,0,,
415,56,5,2,25,0,0,,
416,78,5,0,25,0,0,,
306,9,5,0,24,0,0,,
121,8,5,0,25,0,0,,
476,8,5,7,32,0,0,,
308,7,5,10,25,0,0,,
120,6,5,19,25,0,0,,
344,7,5,2,25,0,0,,
226,8,5,0,25,0,0,,
225,7,5,16,25,0,0,,
118,2,5,0,25,0,0,,
101,5,5,16,18,0,0,,
102,6,5,14,18,0,0,,
470,6,5,7,10,0,0,,
233,8,5,5,16,0,0,,
104,5678,5,2,25,0,0,,
113,5678,5,31,24,7,0,,
350,7,5,3,25,0,0,,
255,5,5,15,25,0,0,,
245,5,5,13,25,0,0,,
250,7,5,17,25,0,0,,
341,8,5,20,25,0,0,,
360,5,5,13,18,0,0,,
236,8,5,0,25,0,0,,
120,5678,5,7,20,0,0,,
411,6-Sep,5,4,25,0,0,,
326,6,5,6,25,0,0,,
206,8,5,5,16,0,0,,
328,8,5,9,25,0,0,,
208,7,5,12,25,0,0,,
257,9,5,0,25,0,0,,
315,5,5,5,25,0,0,,
380,8,5,10,25,0,0,,
300,8,5,2,25,0,0,,
263,7,5,16,17,0,0,,
120,6,5,0,17,0,0,,
408,8,5,16,25,0,0,,
207,7,5,6,15,0,0,,
207,6,5,25,25,0,0,,
329,5,5,1,25,0,0,,
261,6,5,10,25,0,0,,
391,8,5,0,99,0,0,,
390,5678,5,3,12,0,0,,
200,9,5,0,25,0,0,,
350,8,5,0,25,0,0,,
210,5,5,6,25,0,0,,
267,6,5,0,12,0,0,,
215,78,5,0,25,0,0,,
217,5,5,11,16,0,0,,
399,56,5,2,12,0,0,,
395,5678,5,10,25,0,0,,
392,8,5,9,80,0,0,,
250,8,5,1,25,0,0,,
200,6,5,9,25,0,0,,
102,8,5,0,8,0,0,,
101,678,5,1,8,0,0,,
304,8,5,3,25,0,0,,
311,8,5,9,25,0,0,,
300,7,5,0,25,0,0,,
120,9,5,0,25,0,0,,
106,5,5,0,17,0,0,,
420,56,5,2,25,0,0,,
300,56,5,1,25,0,0,,
290,8,5,7,25,0,0,,
305,8,5,9,25,0,0,,
430,8,5,3,25,0,0,,
160,6,5,15,25,0,0,,
101,78,5,9,18,0,0,,
185,8,5,0,25,0,0,,
296,6,5,8,25,0,0,,
430,7,5,13,25,0,0,,
210,9,5,0,25,0,0,,
370,8,5,18,25,0,0,,
104,5678,5,2,25,0,0,,
200,8,5,26,32,0,0,,
113,6,5,23,25,0,0,,
260,56,5,8,25,0,0,,
250,5678,5,7,25,0,0,,
299,56,5,4,18,0,0,,
435,6,5,7,25,0,0,,
204,5678,5,7,25,0,0,,
280,9,5,0,25,0,0,,
251,6,5,8,25,0,0,,
286,6,5,0,16,0,0,,
433,7,5,1,15,0,0,,
322,8,5,10,25,0,0,,
228,7,5,15,25,0,0,,
200,6,5,8,25,0,0,,
229,6,5,15,25,0,0,,
247,7,5,8,25,0,0,,
206,7,5,14,25,0,0,,
260,8,5,0,25,0,0,,
270,6,5,8,25,0,0,,
391,5,5,18,25,0,0,,
206,5678,5,1,25,0,0,,
398,8,5,8,25,0,0,,
277,8,5,16,25,0,0,,
399,5,5,0,16,0,0,,
285,8,5,22,25,0,0,,
201,7,5,7,18,0,0,,
410,5,5,9,12,0,0,,
495,5678,5,1,25,0,0,,
202,8,5,7,18,0,0,,
182,9,5,0,25,0,0,,
318,5,5,14,25,0,0,,
300,8,5,0,25,0,0,,
305,7,5,8,25,0,0,,
104,5678,5,7,25,0,0,,
380,8,5,0,25,0,0,,
308,5,5,26,25,1,0,,
114,5678,5,0,25,0,0,,
304,8,5,10,25,0,0,,
111,56,5,7,18,0,0,,
420,6,5,18,16,2,0,,
308,7,5,4,25,0,0,,
240,5,5,7,25,0,0,,
250,8,5,0,25,0,0,,
254,8,5,8,25,0,0,,
477,8,5,15,25,0,0,,
301,7,5,4,18,0,0,,
302,8,5,4,18,0,0,,
218,5,5,10,25,0,0,,
416,8,5,4,25,0,0,,
421,7,5,10,25,0,0,,
114,5678,5,0,25,0,0,,
116,5678,5,0,25,0,0,,
117,5678,5,0,25,0,0,,
225,7,5,23,25,0,0,,
110,5678,5,0,25,0,0,,
112,5678,5,0,25,0,0,,
113,5678,5,0,25,0,0,,
118,5678,5,0,25,0,0,,
360,7,5,12,25,0,0,,
481,6,5,0,16,0,0,,
363,9,5,0,25,0,0,,
485,7,5,0,12,0,0,,
206,8,5,0,25,0,0,,
364,56,5,19,25,0,0,,
114,8,5,12,16,0,0,,
101,6,5,17,25,0,0,,
212,8,5,2,18,0,0,,
205,7,5,0,25,0,0,,
372,7,5,8,25,0,0,,
261,5,5,6,12,0,0,,
121,8,5,15,25,0,0,,
141,6,5,18,32,0,0,,
417,8,5,9,25,0,0,,
120,6,5,27,25,2,0,,
200,8,5,10,25,0,0,,
416,5,5,12,25,0,0,,
377,8,5,13,25,0,0,,
255,5,5,6,25,0,0,,
214,5678,5,1,25,0,0,,
109,7,5,29,25,4,0,,
222,8,5,10,25,0,0,,
107,5678,5,0,25,0,0,,
228,9,5,0,25,0,0,,
220,5,5,20,25,0,0,,
579,7-Sep,5,0,8,0,0,,
577,8,5,3,25,0,0,,
222,9,5,0,25,0,0,,
101,56,5,11,18,0,0,,
221,8,5,15,25,0,0,,
160,5,5,5,25,0,0,,
102,8,5,12,16,0,0,,
231,6,5,13,25,0,0,,
572,8,5,0,25,0,0,,
226,6,5,8,10,0,0,,
401,2,5,1,25,0,0,,
104,5678,5,0,25,0,0,,
574,5678,5,0,25,0,0,,
231,5,5,26,25,1,0,,
110,8,5,0,25,0,0,,
350,7,5,3,32,0,0,,
216,5678,5,3,25,0,0,,
217,7,5,3,25,0,0,,
205,8,5,30,25,5,0,,
382,5,5,20,25,0,0,,
312,8,5,1,25,0,0,,
564,5678,5,0,25,0,0,,
225,6,5,5,25,0,0,,
314,5678,5,0,25,0,0,,
410,6,5,8,25,0,0,,
202,6,5,0,25,0,0,,
310,7,5,9,25,0,0,,
408,7,5,4,25,0,0,,
315,5,5,8,25,0,0,,
311,7,5,25,25,0,0,,
100,78,5,0,25,0,0,,
211,7,5,8,12,0,0,,
126,5678,5,0,10,0,0,,
200,5,5,4,25,0,0,,
400,8,5,7,25,0,0,,
234,8,5,0,25,0,0,,
255,7,5,7,25,0,0,,
204,5678,5,2,25,0,0,,
101,8,5,20,25,0,0,,
322,5678,5,1,25,0,0,,
271,5,5,0,25,0,0,,
333,8,5,8,25,0,0,,
220,7,5,15,25,0,0,,
159,5678,5,0,25,0,0,,
398,7,5,19,32,0,0,,
203,7,5,11,25,0,0,,
205,8,5,16,25,0,0,,
547,5678,5,0,25,0,0,,
320,8,5,9,25,0,0,,
101,56,5,3,18,0,0,,
249,8,5,10,25,0,0,,
543,5678,5,0,25,0,0,,
248,6,5,18,25,0,0,,
190,8,5,0,25,0,0,,
341,6,5,20,25,0,0,,
104,5678,5,0,25,0,0,,
200,8,5,4,25,0,0,,
205,7,5,12,16,0,0,,
244,5,5,0,25,0,0,,
412,8,5,0,25,0,0,,
217,7,5,18,25,0,0,,
140,5678,5,0,25,0,0,,
349,6,5,8,25,0,0,,
201,8,5,22,24,0,0,,
110,5,5,10,25,0,0,,
147,5678,5,0,25,0,0,,
148,5678,5,0,25,0,0,,
149,5678,5,0,25,0,0,,
316,7,5,5,25,0,0,,
315,7,5,17,25,0,0,,
230,7,5,9,16,0,0,,
145,5678,5,0,25,0,0,,
146,5678,5,0,25,0,0,,
335,6,5,7,25,0,0,,
332,7,5,15,25,0,0,,
354,5,5,8,25,0,0,,
312,5,5,10,25,0,0,,
305,6,5,13,15,0,0,,
290,5,5,10,25,0,0,,
304,5678,5,1,25,0,0,,
275,6,5,6,25,0,0,,
224,7,5,0,25,0,0,,
130,5678,5,0,25,0,0,,
251,5,5,5,25,0,0,,
308,5,5,3,16,0,0,,
131,5678,5,0,25,0,0,,
105,8,5,0,18,0,0,,
22,5678,5,7,25,0,0,,
229,5,5,10,25,0,0,,
321,6,5,10,12,0,0,,
358,7,5,8,25,0,0,,
136,5678,5,0,25,0,0,,
137,5678,5,0,25,0,0,,
138,5678,5,0,25,0,0,,
139,5678,5,0,25,0,0,,
132,5678,5,0,25,0,0,,
133,5678,5,0,25,0,0,,
391,5,5,9,25,0,0,,
134,5678,5,0,25,0,0,,
135,5678,5,0,25,0,0,,
101,5,5,16,16,0,0,,
315,7,5,18,25,0,0,,
214,6,5,5,5,0,0,,
313,6,5,18,25,0,0,,
105,5,5,4,25,0,0,,
344,56,5,13,25,0,0,,
241,7,5,23,32,0,0,,
392,8,5,5,25,0,0,,
212,7,5,6,12,0,0,,
242,8,5,31,32,0,0,,
398,5678,5,1,25,0,0,,
110,6,5,12,14,0,0,,
105,8,5,10,45,0,0,,
361,7,5,6,12,0,0,,
129,7,5,7,25,0,0,,
301,5,5,5,24,0,0,,
214,56,5,0,25,0,0,,
126,5678,5,0,25,0,0,,
127,5678,5,0,25,0,0,,
128,5678,5,0,25,0,0,,
121,5678,5,0,25,0,0,,
122,5678,5,0,25,0,0,,
123,5678,5,0,25,0,0,,
124,5678,5,0,25,0,0,,
303,8,5,9,25,0,0,,
129,5678,5,0,25,0,0,,
415,5,5,21,25,0,0,,
140,7,5,15,25,0,0,,
204,8,5,14,25,0,0,,
510,7,5,0,25,0,0,,
132,5678,5,14,12,2,0,,
301,8,5,0,25,0,0,,
207,8,5,11,16,0,0,,
210,5,5,11,25,0,0,,
,,2,0,0,0,0,,
12,1234,2,2,18,0,0,,
355,4,2,16,24,0,0,,
199,2,2,8,15,0,0,,
126,4,2,2,12,0,0,,
128,4,2,22,25,0,0,,
309,3,2,11,25,0,0,,
490,1234,2,12,25,0,0,,
251,4,2,14,24,0,0,,
250,4,2,12,24,0,0,,
306,4,2,21,25,0,0,,
311,2,2,7,25,0,0,,
403,3,2,14,25,0,0,,
203,1,2,13,25,0,0,,
101,2,2,17,25,0,0,,
382,4,2,14,16,0,0,,
266,3,2,14,25,0,0,,
205,1234,2,0,25,0,0,,
313,1,2,18,25,0,0,,
240,4,2,7,25,0,0,,
295,4,2,8,32,0,0,,
200,3,2,20,25,0,0,,
301,1234,2,0,25,0,0,,
280,3,2,21,24,0,0,,
337,4,2,7,25,0,0,,
208,1234,2,3,25,0,0,,
351,3,2,20,25,0,0,,
150,4,2,13,25,0,0,,
217,1,2,1,25,0,0,,
221,4,2,0,12,0,0,,
209,4,2,18,25,0,0,,
456,1,2,4,25,0,0,,
117,3,2,25,25,0,0,,
320,4,2,2,25,0,0,,
325,3,2,20,25,0,0,,
202,3,2,2,18,0,0,,
351,1,2,10,12,0,0,,
201,2,2,3,18,0,0,,
322,2,2,19,25,0,0,,
203,1,2,10,25,0,0,,
162,1234,2,0,25,0,0,,
251,1,2,20,25,0,0,,
163,1234,2,0,25,0,0,,
211,2,2,23,25,0,0,,
164,1234,2,0,25,0,0,,
331,1,2,13,25,0,0,,
101,3,2,3,18,0,0,,
101,4,2,10,24,0,0,,
160,1234,2,0,25,0,0,,
169,1234,2,0,25,0,0,,
341,2,2,18,25,0,0,,
165,1234,2,0,25,0,0,,
166,1234,2,0,25,0,0,,
167,1234,2,0,25,0,0,,
341,2,2,13,18,0,0,,
101,4,2,19,25,0,0,,
202,4,2,15,16,0,0,,
200,3,2,13,25,0,0,,
212,1,2,16,25,0,0,,
333,4,2,11,25,0,0,,
337,2,2,14,25,0,0,,
126,4,2,8,25,0,0,,
102,4,2,3,18,0,0,,
103,1234,2,1,25,0,0,,
241,3,2,7,16,0,0,,
412,2,2,4,25,0,0,,
336,1,2,2,25,0,0,,
129,3,2,20,25,0,0,,
335,2,2,10,25,0,0,,
201,1234,2,1,25,0,0,,
270,3,2,8,25,0,0,,
397,1234,2,0,4,0,0,,
320,4,2,4,25,0,0,,
312,1,2,16,16,0,0,,
300,4,2,5,18,0,0,,
321,4,2,10,25,0,0,,
107,4,2,1,25,0,0,,
108,3,2,25,25,0,0,,
305,4,2,11,32,0,0,,
300,2,2,17,25,0,0,,
301,1,2,18,25,0,0,,
296,2,2,21,25,0,0,,
100,1,2,2,16,0,0,,
342,2,2,4,25,0,0,,
256,4,2,9,25,0,0,,
104,4,2,9,18,0,0,,
236,23,2,0,25,0,0,,
103,3,2,13,18,0,0,,
231,12,2,7,25,0,0,,
497,4,2,10,25,0,0,,
101,1234,2,3,25,0,0,,
408,1,2,3,10,0,0,,
275,2,2,15,25,0,0,,
301,1,2,15,12,3,0,,
274,4,2,8,12,0,0,,
404,2,2,7,10,0,0,,
102,23,2,6,25,0,0,,
223,23,2,0,20,0,0,,
103,34,2,7,25,0,0,,
205,1234,2,2,25,0,0,,
105,12,2,2,25,0,0,,
200,4,2,11,25,0,0,,
301,2,2,2,18,0,0,,
229,1234,2,1,25,0,0,,
303,1,2,18,25,0,0,,
307,1234,2,0,25,0,0,,
410,4,2,8,10,0,0,,
412,4,2,9,10,0,0,,
201,3,2,1,3,0,0,,
381,3,2,4,25,0,0,,
105,3,2,20,24,0,0,,
105,3,2,17,25,0,0,,
205,1234,2,0,25,0,0,,
344,3,2,4,8,0,0,,
499,4,2,10,25,0,0,,
273,2,2,15,25,0,0,,
106,4,2,23,24,0,0,,
107,1,2,23,24,0,0,,
218,4,2,8,25,0,0,,
215,2,2,3,25,0,0,,
102,1,2,21,25,0,0,,
212,3,2,12,25,0,0,,
276,3,2,12,25,0,0,,
102,4,2,9,18,0,0,,
103,1234,2,1,25,0,0,,
301,1234,2,1,25,0,0,,
101,3,2,8,18,0,0,,
220,3,2,11,25,0,0,,
304,3,2,3,18,0,0,,
406,4,2,1,25,0,0,,
305,4,2,5,15,0,0,,
301,1,2,17,25,0,0,,
302,2,2,23,25,0,0,,
308,1,2,5,25,0,0,,
215,3,2,12,25,0,0,,
281,4,2,17,25,0,0,,
283,2,2,19,25,0,0,,
301,1234,2,3,25,0,0,,
205,4,2,1,25,0,0,,
431,2,2,1,25,0,0,,
306,4,2,14,18,0,0,,
304,3,2,5,18,0,0,,
305,3,2,8,15,0,0,,
317,4,2,5,25,0,0,,
440,4,2,18,32,0,0,,
208,2,2,9,14,0,0,,
242,2,2,25,25,0,0,,
115,4,2,13,25,0,0,,
123,1234,2,15,25,0,0,,
216,4,2,13,16,0,0,,
213,12,2,0,25,0,0,,
203,1234,2,4,25,0,0,,
101,34,2,17,18,0,0,,
103,1234,2,1,25,0,0,,
324,3,2,8,25,0,0,,
307,34,2,5,25,0,0,,
122,3,2,23,25,0,0,,
413,12,2,4,25,0,0,,
105,34,2,2,25,0,0,,
222,3,2,1,25,0,0,,
414,34,2,1,25,0,0,,
308,4,2,7,25,0,0,,
344,3,2,7,25,0,0,,
226,1,2,12,25,0,0,,
230,3,2,17,32,0,0,,
118,1234,2,1,25,0,0,,
101,3,2,10,18,0,0,,
102,4,2,11,18,0,0,,
103,1234,2,4,25,0,0,,
233,4,2,0,16,0,0,,
113,1234,2,12,24,0,0,,
243,3,2,13,25,0,0,,
122,3,2,10,12,0,0,,
246,4,2,18,25,0,0,,
250,2,2,14,25,0,0,,
102,2,2,22,25,0,0,,
341,2,2,10,25,0,0,,
130,4,2,8,25,0,0,,
355,4,2,10,25,0,0,,
236,3,2,17,25,0,0,,
247,3,2,3,25,0,0,,
259,1,2,26,25,1,0,,
207,1,2,21,25,0,0,,
208,2,2,13,25,0,0,,
320,1,2,12,14,0,0,,
250,1234,2,5,25,0,0,,
261,3,2,11,25,0,0,,
300,4,2,0,25,0,0,,
263,3,2,12,17,0,0,,
120,3,2,0,17,0,0,,
207,3,2,6,15,0,0,,
206,1,2,16,25,0,0,,
208,34,2,2,25,0,0,,
391,4,2,88,19,69,0,,
390,4,2,15,25,0,0,,
210,4,2,1,25,0,0,,
212,23,2,0,25,0,0,,
218,4,2,7,10,0,0,,
217,4,2,4,16,0,0,,
399,12,2,1,12,0,0,,
354,3,2,7,24,0,0,,
307,3,2,12,25,0,0,,
200,4,2,8,25,0,0,,
413,3,2,11,25,0,0,,
102,4,2,1,8,0,0,,
101,34,2,2,8,0,0,,
304,2,2,8,25,0,0,,
303,1,2,8,25,0,0,,
114,3,2,19,25,0,0,,
125,2,2,22,25,0,0,,
236,4,2,15,25,0,0,,
300,3,2,0,25,0,0,,
120,4,2,8,25,0,0,,
106,1,2,0,17,0,0,,
441,3,2,6,25,0,0,,
105,1,2,0,17,0,0,,
442,4,2,1,25,0,0,,
104,1,2,0,17,0,0,,
103,1,2,0,17,0,0,,
290,4,2,9,25,0,0,,
102,1,2,0,17,0,0,,
101,1,2,0,17,0,0,,
110,4,2,13,25,0,0,,
222,3,2,15,25,0,0,,
430,1,2,2,25,0,0,,
101,34,2,6,18,0,0,,
185,4,2,7,25,0,0,,
370,4,2,11,25,0,0,,
450,1,2,14,25,0,0,,
433,4,2,23,25,0,0,,
103,1234,2,3,25,0,0,,
200,4,2,14,25,0,0,,
112,2,2,29,25,4,0,,
380,1,2,8,25,0,0,,
201,34,2,5,18,0,0,,
113,4,2,12,25,0,0,,
211,4,2,11,25,0,0,,
118,4,2,19,25,0,0,,
203,1234,2,4,25,0,0,,
280,2,2,7,25,0,0,,
282,3,2,5,16,0,0,,
283,2,2,9,16,0,0,,
285,4,2,11,16,0,0,,
385,3,2,5,12,0,0,,
312,3,2,14,15,0,0,,
250,3,2,9,25,0,0,,
301,1,2,11,25,0,0,,
228,4,2,13,25,0,0,,
229,3,2,10,25,0,0,,
391,2,2,10,25,0,0,,
205,1234,2,0,25,0,0,,
399,1,2,14,16,0,0,,
285,1,2,6,25,0,0,,
255,3,2,18,25,0,0,,
103,1234,2,3,25,0,0,,
302,2,2,1,25,0,0,,
101,34,2,5,18,0,0,,
380,4,2,3,25,0,0,,
381,1,2,11,25,0,0,,
307,1,2,21,25,0,0,,
113,1234,2,0,25,0,0,,
275,3,2,15,25,0,0,,
120,1,2,5,12,0,0,,
308,1,2,8,25,0,0,,
247,1,2,23,25,0,0,,
250,3,2,10,25,0,0,,
110,4,2,21,25,0,0,,
478,23,2,0,25,0,0,,
301,2,2,4,15,0,0,,
416,2,2,8,25,0,0,,
371,4,2,27,25,2,0,,
114,1234,2,0,25,0,0,,
116,1234,2,0,25,0,0,,
225,1,2,17,25,0,0,,
117,1234,2,0,25,0,0,,
110,1234,2,0,25,0,0,,
112,1234,2,0,25,0,0,,
113,1234,2,0,25,0,0,,
480,2,2,9,16,0,0,,
118,1234,2,0,25,0,0,,
170,3,2,24,25,0,0,,
206,3,2,25,25,0,0,,
213,1234,2,0,25,0,0,,
101,3,2,9,15,0,0,,
245,4,2,2,25,0,0,,
466,4,2,0,25,0,0,,
204,4,2,19,25,0,0,,
211,4,2,3,18,0,0,,
225,2,2,5,12,0,0,,
142,4,2,18,32,0,0,,
261,4,2,10,12,0,0,,
141,3,2,22,32,0,0,,
120,4,2,17,25,0,0,,
416,3,2,12,25,0,0,,
200,4,2,7,25,0,0,,
377,2,2,10,25,0,0,,
107,1234,2,0,25,0,0,,
130,3,2,16,15,1,0,,
103,1234,2,0,25,0,0,,
217,1,2,18,25,0,0,,
243,3,2,14,25,0,0,,
455,2,2,7,25,0,0,,
222,4,2,18,25,0,0,,
578,23,2,0,25,0,0,,
212,4,2,23,25,0,0,,
226,3,2,7,25,0,0,,
573,1234,2,0,25,0,0,,
401,1,2,2,18,0,0,,
110,2,2,12,25,0,0,,
326,4,2,25,25,0,0,,
205,2,2,17,25,0,0,,
329,4,2,25,25,0,0,,
382,2,2,19,25,0,0,,
305,3,2,6,25,0,0,,
221,4,2,8,25,0,0,,
311,4,2,4,18,0,0,,
566,4,2,0,25,0,0,,
226,3,2,14,25,0,0,,
225,2,2,24,25,0,0,,
225,4,2,10,25,0,0,,
562,1234,2,0,25,0,0,,
313,1234,2,0,25,0,0,,
563,1234,2,0,25,0,0,,
320,2,2,15,25,0,0,,
330,3,2,14,25,0,0,,
553,1,2,0,25,0,0,,
202,4,2,5,18,0,0,,
100,34,2,2,25,0,0,,
211,4,2,0,12,0,0,,
200,4,2,15,25,0,0,,
255,3,2,15,25,0,0,,
101,4,2,13,25,0,0,,
111,3,2,28,25,3,0,,
203,1234,2,0,25,0,0,,
253,4,2,14,25,0,0,,
329,3,2,2,25,0,0,,
321,1234,2,0,18,0,0,,
274,3,2,10,15,0,0,,
220,4,2,24,25,0,0,,
221,3,2,8,25,0,0,,
397,4,2,13,25,0,0,,
546,1234,2,0,25,0,0,,
411,4,2,0,25,0,0,,
130,3,2,4,25,0,0,,
542,1234,2,0,25,0,0,,
310,2,2,6,16,0,0,,
204,2,2,24,25,0,0,,
455,4,2,5,25,0,0,,
104,1234,2,1,25,0,0,,
205,4,2,9,16,0,0,,
243,4,2,7,25,0,0,,
140,1234,2,0,25,0,0,,
475,2,2,9,25,0,0,,
147,1234,2,0,25,0,0,,
148,1234,2,0,25,0,0,,
149,1234,2,0,25,0,0,,
145,1234,2,0,25,0,0,,
212,1,2,12,25,0,0,,
211,3,2,11,25,0,0,,
301,3,2,9,12,0,0,,
353,2,2,3,25,0,0,,
354,4,2,0,25,0,0,,
311,3,2,14,25,0,0,,
243,1,2,0,25,0,0,,
303,1234,2,0,25,0,0,,
302,4,2,0,18,0,0,,
254,2,2,17,25,0,0,,
275,3,2,6,25,0,0,,
224,4,2,1,25,0,0,,
130,1234,2,0,25,0,0,,
22,1234,2,5,18,0,0,,
308,4,2,0,12,0,0,,
131,1234,2,0,25,0,0,,
309,4,2,6,12,0,0,,
201,2,2,18,25,0,0,,
220,4,2,6,12,0,0,,
321,4,2,8,12,0,0,,
136,1234,2,0,25,0,0,,
137,1234,2,0,25,0,0,,
200,1,2,17,25,0,0,,
138,1234,2,0,25,0,0,,
139,1234,2,0,25,0,0,,
132,1234,2,0,25,0,0,,
133,1234,2,0,25,0,0,,
134,1234,2,0,25,0,0,,
135,1234,2,0,25,0,0,,
145,3,2,18,25,0,0,,
100,4,2,8,25,0,0,,
275,2,2,13,16,0,0,,
313,4,2,21,25,0,0,,
241,1,2,19,32,0,0,,
362,2,2,7,12,0,0,,
401,1,2,13,14,0,0,,
212,4,2,4,12,0,0,,
242,2,2,25,32,0,0,,
398,1234,2,2,25,0,0,,
210,4,2,7,16,0,0,,
126,1234,2,0,25,0,0,,
127,1234,2,0,25,0,0,,
128,1234,2,0,25,0,0,,
121,1234,2,0,25,0,0,,
122,1234,2,0,25,0,0,,
123,1234,2,0,25,0,0,,
124,1234,2,0,25,0,0,,
303,2,2,20,25,0,0,,
129,1234,2,0,25,0,0,,
133,1,2,33,32,1,0,,
204,3,2,23,25,0,0,,
253,1234,2,3,25,0,0,,
132,1234,2,11,12,0,0,,
302,3,2,12,25,0,0,,
301,4,2,20,25,0,0,,
399,2,2,11,15,0,0,,
251,3,2,24,32,0,0,,
402,4,2,0,25,0,0,,
210,1,2,11,25,0,0,,
231,2,4,13,24,0,0,,
,,4,0,0,0,0,,
350,4,4,5,24,0,0,,
12,1234,4,0,25,0,0,,
355,1,4,0,24,0,0,,
250,2,4,3,25,0,0,,
199,3,4,11,15,0,0,,
126,4,4,11,25,0,0,,
128,4,4,9,25,0,0,,
314,4,4,10,18,0,0,,
490,1234,4,5,25,0,0,,
250,4,4,20,24,0,0,,
287,3,4,6,25,0,0,,
311,2,4,16,25,0,0,,
405,1,4,23,25,0,0,,
403,2,4,11,25,0,0,,
202,2,4,3,25,0,0,,
101,3,4,12,25,0,0,,
205,2,4,19,32,0,0,,
356,2,4,25,25,0,0,,
382,4,4,9,16,0,0,,
315,3,4,11,25,0,0,,
266,2,4,8,25,0,0,,
205,1234,4,0,25,0,0,,
295,4,4,9,25,0,0,,
200,3,4,6,25,0,0,,
301,1234,4,0,25,0,0,,
320,1,4,13,25,0,0,,
280,3,4,23,24,0,0,,
208,1234,4,6,32,0,0,,
351,1,4,4,25,0,0,,
150,4,4,21,25,0,0,,
209,4,4,16,25,0,0,,
456,1,4,1,25,0,0,,
411,2,4,15,25,0,0,,
205,3,4,11,25,0,0,,
320,4,4,1,25,0,0,,
202,3,4,0,18,0,0,,
201,2,4,0,18,0,0,,
475,3,4,2,16,0,0,,
203,4,4,15,25,0,0,,
161,1234,4,0,25,0,0,,
162,1234,4,0,25,0,0,,
283,3,4,4,25,0,0,,
251,3,4,18,25,0,0,,
163,1234,4,0,25,0,0,,
164,1234,4,0,25,0,0,,
101,3,4,3,18,0,0,,
375,1,4,4,12,0,0,,
160,1234,4,0,25,0,0,,
169,1234,4,0,25,0,0,,
341,3,4,18,25,0,0,,
165,1234,4,0,25,0,0,,
166,1234,4,0,25,0,0,,
205,1,4,16,16,0,0,,
167,1234,4,0,25,0,0,,
168,1234,4,0,25,0,0,,
101,3,4,8,25,0,0,,
200,3,4,16,25,0,0,,
333,2,4,12,25,0,0,,
212,3,4,13,25,0,0,,
200,3,4,20,32,0,0,,
337,1,4,6,25,0,0,,
126,4,4,16,25,0,0,,
103,1234,4,0,25,0,0,,
241,3,4,14,16,0,0,,
412,2,4,1,25,0,0,,
129,3,4,4,25,0,0,,
335,2,4,6,25,0,0,,
201,1234,4,1,25,0,0,,
270,1,4,15,25,0,0,,
397,1234,4,1,4,0,0,,
320,4,4,15,25,0,0,,
160,3,4,14,25,0,0,,
312,1,4,8,16,0,0,,
300,4,4,3,18,0,0,,
320,4,4,9,25,0,0,,
162,4,4,8,12,0,0,,
310,4,4,10,12,0,0,,
107,4,4,4,25,0,0,,
108,4,4,12,25,0,0,,
380,3,4,10,10,0,0,,
302,3,4,3,12,0,0,,
301,2,4,17,25,0,0,,
296,3,4,15,25,0,0,,
299,12,4,33,32,1,0,,
342,4,4,8,25,0,0,,
377,4,4,6,25,0,0,,
131,4,4,12,24,0,0,,
104,4,4,14,18,0,0,,
236,23,4,3,25,0,0,,
103,3,4,14,18,0,0,,
231,12,4,8,25,0,0,,
401,4,4,0,2,0,0,,
497,4,4,5,25,0,0,,
240,1,4,6,25,0,0,,
101,1234,4,3,25,0,0,,
274,1,4,32,32,0,0,,
309,3,4,15,25,0,0,,
102,23,4,7,25,0,0,,
223,34,4,1,20,0,0,,
103,34,4,6,25,0,0,,
205,1234,4,0,25,0,0,,
105,23,4,14,25,0,0,,
200,4,4,16,25,0,0,,
301,2,4,6,18,0,0,,
229,1234,4,0,25,0,0,,
307,1234,4,0,25,0,0,,
410,4,4,6,10,0,0,,
105,4,4,3,24,0,0,,
205,1234,4,1,25,0,0,,
499,4,4,13,25,0,0,,
106,3,4,21,24,0,0,,
102,2,4,20,25,0,0,,
212,1,4,8,25,0,0,,
102,4,4,9,18,0,0,,
200,23,4,4,25,0,0,,
103,1234,4,2,25,0,0,,
301,1234,4,2,25,0,0,,
101,3,4,8,18,0,0,,
220,1,4,9,25,0,0,,
305,4,4,7,15,0,0,,
200,3,4,2,25,0,0,,
309,3,4,2,25,0,0,,
215,3,4,10,25,0,0,,
285,1,4,11,25,0,0,,
301,1234,4,2,25,0,0,,
208,12,4,0,25,0,0,,
431,2,4,2,25,0,0,,
306,4,4,5,18,0,0,,
390,4,4,4,25,0,0,,
304,4,4,4,18,0,0,,
305,4,4,4,15,0,0,,
318,2,4,7,25,0,0,,
440,4,4,12,32,0,0,,
208,4,4,9,14,0,0,,
123,1234,4,14,25,0,0,,
322,4,4,4,25,0,0,,
320,4,4,7,25,0,0,,
292,4,4,14,25,0,0,,
203,1234,4,2,25,0,0,,
120,1,4,7,25,0,0,,
101,34,4,8,18,0,0,,
103,1234,4,3,25,0,0,,
324,2,4,6,25,0,0,,
307,34,4,1,25,0,0,,
122,3,4,5,25,0,0,,
342,1,4,18,25,0,0,,
413,12,4,0,25,0,0,,
105,34,4,5,25,0,0,,
255,3,4,7,25,0,0,,
228,1,4,15,25,0,0,,
229,4,4,14,25,0,0,,
222,1234,4,0,25,0,0,,
414,34,4,0,25,0,0,,
306,1,4,3,15,0,0,,
120,3,4,8,25,0,0,,
256,4,4,1,25,0,0,,
230,3,4,11,25,0,0,,
118,1234,4,0,25,0,0,,
101,3,4,14,18,0,0,,
102,4,4,13,18,0,0,,
103,1234,4,1,25,0,0,,
233,4,4,7,16,0,0,,
113,1234,4,2,24,0,0,,
122,3,4,13,12,1,0,,
160,3,4,12,25,0,0,,
244,4,4,4,25,0,0,,
247,3,4,5,12,0,0,,
341,2,4,5,25,0,0,,
131,4,4,0,25,0,0,,
235,4,4,5,25,0,0,,
355,1,4,4,25,0,0,,
361,2,4,7,18,0,0,,
236,3,4,14,25,0,0,,
321,2,4,15,15,0,0,,
320,1,4,11,14,0,0,,
202,4,4,2,25,0,0,,
375,4,4,28,25,3,0,,
371,2,4,8,25,0,0,,
402,2,4,20,25,0,0,,
401,1,4,11,25,0,0,,
140,3,4,18,25,0,0,,
300,4,4,2,25,0,0,,
120,3,4,0,16,0,0,,
208,34,4,1,25,0,0,,
329,3,4,4,25,0,0,,
391,4,4,82,99,0,0,,
200,3,4,11,25,0,0,,
390,3,4,9,25,0,0,,
212,3,4,0,25,0,0,,
218,4,4,0,10,0,0,,
350,4,4,25,25,0,0,,
399,34,4,0,12,0,0,,
392,4,4,5,80,0,0,,
307,4,4,20,25,0,0,,
200,4,4,7,25,0,0,,
101,23,4,4,8,0,0,,
114,3,4,11,25,0,0,,
125,3,4,26,25,1,0,,
236,2,4,15,25,0,0,,
110,4,4,22,25,0,0,,
106,1,4,0,16,0,0,,
441,3,4,4,25,0,0,,
442,4,4,3,25,0,0,,
290,4,4,4,25,0,0,,
110,4,4,14,25,0,0,,
305,3,4,21,25,0,0,,
426,2,4,22,25,0,0,,
101,34,4,5,18,0,0,,
185,4,4,3,25,0,0,,
280,1,4,15,25,0,0,,
450,1,4,10,25,0,0,,
433,4,4,16,25,0,0,,
101,3,4,5,25,0,0,,
103,1234,4,1,25,0,0,,
437,4,4,10,25,0,0,,
201,34,4,6,18,0,0,,
113,2,4,27,25,2,0,,
250,1234,4,8,25,0,0,,
212,3,4,22,25,0,0,,
211,1,4,14,25,0,0,,
203,1234,4,3,25,0,0,,
280,4,4,6,25,0,0,,
252,3,4,7,25,0,0,,
286,3,4,12,16,0,0,,
385,3,4,11,25,0,0,,
101,3,4,7,25,0,0,,
312,3,4,17,15,2,0,,
250,4,4,9,25,0,0,,
301,1,4,9,25,0,0,,
228,2,4,16,25,0,0,,
229,3,4,16,25,0,0,,
205,1234,4,1,25,0,0,,
399,1,4,5,16,0,0,,
285,4,4,12,25,0,0,,
275,1,4,15,15,0,0,,
300,2,4,2,25,0,0,,
103,1234,4,6,25,0,0,,
360,1,4,12,25,0,0,,
312,2,4,6,25,0,0,,
113,1234,4,2,25,0,0,,
304,2,4,2,25,0,0,,
120,1,4,11,25,0,0,,
236,4,4,7,25,0,0,,
247,1,4,9,25,0,0,,
250,4,4,7,25,0,0,,
372,3,4,3,25,0,0,,
251,4,4,18,25,0,0,,
110,4,4,15,25,0,0,,
478,23,4,2,25,0,0,,
301,2,4,0,18,0,0,,
330,4,4,5,32,0,0,,
114,1234,4,0,25,0,0,,
116,1234,4,0,25,0,0,,
117,1234,4,0,25,0,0,,
110,1234,4,0,25,0,0,,
112,1234,4,0,25,0,0,,
113,1234,4,0,25,0,0,,
480,2,4,12,16,0,0,,
110,3,4,7,25,0,0,,
118,1234,4,0,25,0,0,,
213,1234,4,0,25,0,0,,
114,3,4,12,16,0,0,,
245,3,4,2,25,0,0,,
204,4,4,28,25,3,0,,
211,4,4,3,18,0,0,,
225,2,4,11,25,0,0,,
142,4,4,27,32,0,0,,
324,3,4,11,25,0,0,,
141,3,4,24,32,0,0,,
200,3,4,3,25,0,0,,
377,2,4,11,25,0,0,,
110,3,4,9,16,0,0,,
227,3,4,2,25,0,0,,
222,2,4,6,25,0,0,,
107,1234,4,0,25,0,0,,
350,2,4,11,25,0,0,,
103,1234,4,1,25,0,0,,
243,4,4,27,25,2,0,,
113,4,4,9,25,0,0,,
578,23,4,0,25,0,0,,
160,4,4,2,25,0,0,,
107,3,4,10,25,0,0,,
450,3,4,11,12,0,0,,
573,1234,4,0,25,0,0,,
401,1,4,3,25,0,0,,
230,4,4,11,25,0,0,,
216,1234,4,3,25,0,0,,
205,3,4,19,25,0,0,,
301,4,4,9,25,0,0,,
305,1,4,11,25,0,0,,
221,4,4,7,25,0,0,,
311,4,4,1,18,0,0,,
566,4,4,1,25,0,0,,
225,3,4,5,25,0,0,,
223,3,4,10,25,0,0,,
562,1234,4,0,25,0,0,,
313,1234,4,0,25,0,0,,
563,1234,4,0,25,0,0,,
208,1,4,9,25,0,0,,
207,4,4,14,25,0,0,,
320,2,4,7,25,0,0,,
330,2,4,22,25,0,0,,
311,4,4,17,25,0,0,,
553,1,4,0,25,0,0,,
202,4,4,1,18,0,0,,
100,34,4,2,25,0,0,,
200,4,4,10,25,0,0,,
344,2,4,21,25,0,0,,
102,3,4,9,25,0,0,,
255,1,4,26,25,1,0,,
101,4,4,19,25,0,0,,
254,3,4,4,25,0,0,,
203,1234,4,1,25,0,0,,
253,3,4,17,25,0,0,,
340,3,4,12,25,0,0,,
209,4,4,5,25,0,0,,
321,1234,4,1,25,0,0,,
221,4,4,2,25,0,0,,
159,1234,4,0,25,0,0,,
397,4,4,12,25,0,0,,
546,1234,4,0,25,0,0,,
310,3,4,28,25,3,0,,
411,4,4,0,25,0,0,,
542,1234,4,0,25,0,0,,
249,3,4,2,25,0,0,,
204,2,4,10,25,0,0,,
190,4,4,17,25,0,0,,
455,4,4,11,25,0,0,,
200,1,4,9,25,0,0,,
205,4,4,13,16,0,0,,
314,4,4,5,5,0,0,,
217,1,4,22,25,0,0,,
243,1,4,2,25,0,0,,
140,1234,4,0,25,0,0,,
201,4,4,20,24,0,0,,
475,2,4,5,25,0,0,,
321,3,4,15,24,0,0,,
147,1234,4,0,25,0,0,,
232,4,4,12,25,0,0,,
148,1234,4,0,25,0,0,,
149,1234,4,0,25,0,0,,
100,1,4,1,25,0,0,,
145,1234,4,0,25,0,0,,
146,1234,4,0,25,0,0,,
212,1,4,7,32,0,0,,
211,4,4,15,25,0,0,,
353,2,4,5,25,0,0,,
303,1234,4,0,25,0,0,,
302,4,4,1,18,0,0,,
254,1,4,23,25,0,0,,
225,1,4,9,16,0,0,,
274,2,4,10,25,0,0,,
130,1234,4,0,25,0,0,,
22,1234,4,2,25,0,0,,
105,4,4,22,18,4,0,,
131,1234,4,0,25,0,0,,
201,2,4,23,25,0,0,,
410,2,4,11,25,0,0,,
321,4,4,7,12,0,0,,
136,1234,4,0,25,0,0,,
137,1234,4,0,25,0,0,,
200,4,4,15,25,0,0,,
138,1234,4,0,25,0,0,,
139,1234,4,0,25,0,0,,
132,1234,4,0,25,0,0,,
133,1234,4,0,25,0,0,,
134,1234,4,0,25,0,0,,
135,1234,4,0,25,0,0,,
271,1,4,13,25,0,0,,
345,3,4,15,32,0,0,,
345,3,4,9,25,0,0,,
315,4,4,7,25,0,0,,
100,3,4,14,25,0,0,,
275,2,4,4,16,0,0,,
241,1,4,26,32,0,0,,
362,2,4,7,12,0,0,,
212,4,4,10,12,0,0,,
398,1234,4,3,25,0,0,,
126,1234,4,0,25,0,0,,
127,1234,4,0,25,0,0,,
128,1234,4,0,25,0,0,,
121,1234,4,0,25,0,0,,
122,1234,4,0,25,0,0,,
123,1234,4,0,25,0,0,,
124,1234,4,0,25,0,0,,
303,3,4,6,25,0,0,,
375,4,4,22,25,0,0,,
129,1234,4,0,25,0,0,,
325,1,4,8,25,0,0,,
204,4,4,22,25,0,0,,
201,3,4,0,12,0,0,,
253,1234,4,7,25,0,0,,
132,1234,4,21,12,9,0,,
302,4,4,10,25,0,0,,
207,1,4,13,16,0,0,,
399,2,4,18,15,3,0,,
251,3,4,21,32,0,0,,
402,4,4,0,25,0,0,,