Id,Block,Year,Demand,Limit,Waitlist,MinPoint
MB231,8,2021S,21,24,0,0
HE122,5-8,2021S,6,18,0,0
DA304,5,2021S,0,25,0,0
GY370,6,2021S,2,25,0,0
MU199,8,2021S,8,15,0,0
EV128,8,2021S,33,25,8,10
SW310,6,2021S,2,25,0,0
CH490,5-8,2021S,3,25,0,0
CH251,8,2021S,18,24,0,0
PS304,6,2021S,24,25,0,0
CH250,7,2021S,24,24,0,0
MB365,8,2021S,6,25,0,0
GY140,8,2021S,13,25,0,0
FM225,5,2021S,11,16,0,0
EC403,5,2021S,8,25,0,0
FM102,7,2021S,32,18,14,15
PH203,8,2021S,15,25,0,0
FM101,8,2021S,17,25,0,0
PH204,8,2021S,28,25,3,1
EC407,6,2021S,2,25,0,0
EC406,8,2021S,6,25,0,0
CH383,6,2021S,16,16,0,0
CH382,8,2021S,12,16,0,0
RU201,7,2021S,1,25,0,0
RU202,8,2021S,1,25,0,0
RU206,5-8,2021S,0,25,0,0
PS313,5,2021S,11,25,0,0
IT302,5-8,2021S,0,25,0,0
PS200,8,2021S,23,25,0,0
MA123,5,2021S,2,25,0,0
IT304,6,2021S,0,18,0,0
PH208,5-8,2021S,5,25,0,0
EV351,8,2021S,26,25,1,0
PH452,6,2021S,9,25,0,0
PS209,8,2021S,33,25,8,5
PH456,2- ,2021S,4,32,0,0
CH471,5,2021S,0,12,0,0
MA117,7,2021S,50,25,25,10
AS411,5-8,2021S,0,25,0,0
AR320,6,2021S,1,25,0,0
MB325,5,2021S,10,25,0,0
PS329,6,2021S,35,32,3,0
CH351,8,2021S,3,12,0,0
AR204,5-8,2021S,2,25,0,0
CH475,8,2021S,3,16,0,0
PS325,7,2021S,8,25,0,0
PS203,8,2021S,5,25,0,0
MU162,5-8,2021S,0,25,0,0
MA251,7,2021S,6,25,0,0
MU163,5-8,2021S,0,25,0,0
MU284,5,2021S,7,25,0,0
MU164,5-8,2021S,1,25,0,0
MA256,8,2021S,13,25,0,0
MA375,7,2021S,17,12,5,10
MU160,5-8,2021S,0,25,0,0
MU169,5-8,2021S,0,25,0,0
MU165,5-8,2021S,0,25,0,0
MU286,8,2021S,7,25,0,0
MU166,5-8,2021S,0,25,0,0
MU167,5-8,2021S,0,25,0,0
FM205,8,2021S,4,25,0,0
MU168,5-8,2021S,0,25,0,0
FM203,5,2021S,0,25,0,0
PH101,8,2021S,0,25,0,0
FM202,5,2021S,30,16,14,15
FM200,7,2021S,13,25,0,0
SW322,5,2021S,6,11,0,0
CH480,8,2021S,3,16,0,0
PH226,7,2021S,41,25,16,7
EV212,6,2021S,11,25,0,0
EV333,5,2021S,36,25,11,10
SW200,6,2021S,8,25,0,0
RU104,5-8,2021S,2,25,0,0
AS401,2- ,2021S,4,5,0,0
MA126,8,2021S,28,25,3,0
RU102,5,2021S,8,18,0,0
MA125,5-6,2021S,26,25,1,0
CH241,6,2021S,24,16,8,8
PS336,8,2021S,0,25,0,0
CH367,7,2021S,2,25,0,0
MA129,8,2021S,10,25,0,0
IT204,8,2021S,2,18,0,0
IT203,7,2021S,3,18,0,0
IT202,5-8,2021S,0,25,0,0
MB397,5-8,2021S,0,4,0,0
IT320,8,2021S,3,25,0,0
PY281,8,2021S,35,25,10,10
PG300,5,2021S,8,18,0,0
EV320,8,2021S,17,25,0,0
FM310,7,2021S,0,12,0,0
EV209,8,2021S,15,16,0,0
CH107,8,2021S,13,25,0,0
CH108,8,2021S,16,25,0,0
DS244,5-6,2021S,0,25,0,0
PG308,6,2021S,5,25,0,0
AN258,6,2021S,16,25,0,0
FM302,8,2021S,19,12,7,20
PY178,8,2021S,0,25,0,0
CH342,7,2021S,6,25,0,0
IT104,6,2021S,10,18,0,0
MB131,8,2021S,19,24,0,0
IT103,5,2021S,17,18,0,0
IT102,5-8,2021S,5,25,0,0
DS232,5-8,2021S,4,25,0,0
MB497,6,2021S,8,25,0,0
BE362,7,2021S,0,12,0,0
EV421,7,2021S,36,32,4,0
CP275,8,2021S,32,25,7,3
CP274,7,2021S,19,12,7,13
PS404,5,2021S,9,10,0,0
DS224,5-6,2021S,4,20,0,0
GR206,5-8,2021S,0,25,0,0
DS105,5-6,2021S,10,25,0,0
GR201,7,2021S,4,18,0,0
GR202,8,2021S,3,18,0,0
GR320,5,2021S,5,25,0,0
BE370,5,2021S,0,14,0,0
DS229,5-8,2021S,0,25,0,0
JA302,5-8,2021S,7,18,0,0
RU308,5-8,2021S,0,25,0,0
FM400,5,2021S,16,16,0,0
PS419,2- ,2021S,4,10,0,0
PH302,5,2021S,11,25,0,0
PH303,6,2021S,13,25,0,0
RU306,8,2021S,1,18,0,0
PS410,6,2021S,0,10,0,0
PS412,6,2021S,6,10,0,0
RU305,7,2021S,1,18,0,0
DS215,6-7,2021S,5,25,0,0
PS380,7,2021S,41,25,16,10
SO314,7,2021S,0,25,0,0
BE100,7,2021S,0,24,0,0
DS216,8,2021S,0,25,0,0
DS218,5-6,2021S,1,25,0,0
DS219,7-8,2021S,0,25,0,0
JA206,5-8,2021S,1,25,0,0
SW272,6,2021S,8,25,0,0
BE105,6,2021S,16,24,0,0
SW395,7,2021S,1,25,0,0
CP499,5,2021S,0,25,0,0
SW273,7,2021S,14,25,0,0
BE106,8,2021S,0,24,0,0
BE107,7,2021S,20,24,0,0
AN220,8,2021S,14,25,0,0
AN102,5,2021S,20,25,0,0
CH410,5,2021S,14,25,0,0
GR104,5-8,2021S,6,25,0,0
GR102,8,2021S,7,18,0,0
GR101,7,2021S,11,18,0,0
FR302,5-8,2021S,2,25,0,0
GR220,7,2021S,0,25,0,0
FR304,7,2021S,7,18,0,0
JA202,8,2021S,7,18,0,0
FR305,5,2021S,7,15,0,0
BE475,5,2021S,11,24,0,0
JA201,5,2021S,10,18,0,0
FR308,7,2021S,1,25,0,0
RM200,8,2021S,3,25,0,0
FR309,6,2021S,3,25,0,0
PH282,7,2021S,31,32,0,0
CH301,8,2021S,5,4,1,0
SO451,8,2021S,11,25,0,0
GS205,7,2021S,0,25,0,0
JA350,7,2021S,3,25,0,0
FR432,6,2021S,0,3,0,0
SP306,7,2021S,18,18,0,0
SP305,5,2021S,20,18,2,0
FR317,8,2021S,5,25,0,0
SP302,5-8,2021S,6,25,0,0
BE440,6,2021S,0,32,0,0
BE202,8,2021S,30,14,16,14
BE208,8,2021S,0,14,0,0
AN243,8,2021S,0,12,0,0
CP115,6,2021S,60,25,35,16
AN124,5-8,2021S,20,25,0,0
AN245,6,2021S,0,25,0,0
GS216,8,2021S,23,16,7,8
FR320,8,2021S,5,25,0,0
PS292,8,2021S,22,25,0,0
FR201,5,2021S,14,18,0,0
FR202,6,2021S,4,18,0,0
FR204,5-8,2021S,0,25,0,0
JA101,7-8,2021S,12,18,0,0
PS290,6,2021S,13,25,0,0
DS307,5-6,2021S,1,25,0,0
JA104,5-8,2021S,5,25,0,0
CP365,8,2021S,21,25,0,0
AN237,6,2021S,4,25,0,0
CP122,7,2021S,27,25,2,5
AN238,7,2021S,0,25,0,0
AN230,6,2021S,0,32,0,0
PS222,5,2021S,23,25,0,0
PS342,8,2021S,24,25,0,0
GS222,7,2021S,2,25,0,0
GS100,7-8,2021S,0,25,0,0
DS415,6-7,2021S,2,25,0,0
DS416,7-8,2021S,0,25,0,0
CO121,8,2021S,9,25,0,0
PH476,8,2021S,7,32,0,0
SW352,8,2021S,27,25,2,0
AN308,7,2021S,17,25,0,0
CO120,6,2021S,0,25,0,0
RU256,5,2021S,5,25,0,0
PS344,7,2021S,0,25,0,0
PS226,5,2021S,6,25,0,0
PS225,5,2021S,25,25,0,0
GS118,5-8,2021S,2,25,0,0
FR101,7,2021S,20,18,2,0
FR102,8,2021S,13,18,0,0
PS470,6,2021S,8,10,0,0
GS233,8,2021S,1,12,0,0
FR104,5-8,2021S,4,25,0,0
GS113,5-8,2021S,9,24,0,0
CP222,6,2021S,40,25,15,12
PH243,8,2021S,19,25,0,0
PH244,7,2021S,14,25,0,0
CO255,5,2021S,8,25,0,0
PH245,8,2021S,9,25,0,0
CO250,8,2021S,11,25,0,0
PH247,7,2021S,14,12,2,0
SW102,7,2021S,16,25,0,0
PH248,6,2021S,45,25,20,8
CP341,8,2021S,17,25,0,0
CO131,6,2021S,10,32,0,0
PS235,7,2021S,12,25,0,0
PS355,8,2021S,8,25,0,0
PS236,7,2021S,40,25,15,10
PS242,6,2021S,29,25,4,0
GS247,5,2021S,0,25,0,0
HK204,5,2021S,27,20,7,15
SW251,8,2021S,48,25,23,5
AN207,8,2021S,22,25,0,0
AN208,8,2021S,5,32,0,0
HK321,5,2021S,26,15,11,15
AN320,8,2021S,0,14,0,0
CN259,5,2021S,2,25,0,0
BE412,7,2021S,0,14,0,0
BE410,8,2021S,17,14,3,15
AN315,5,2021S,10,25,0,0
HK330,7,2021S,13,14,0,0
RM300,8,2021S,3,25,0,0
PH263,7,2021S,3,17,0,0
CC120,6,2021S,0,16,0,0
PY408,8,2021S,11,25,0,0
TH328,7,2021S,0,25,0,0
TH206,7,2021S,5,25,0,0
TH329,8,2021S,13,25,0,0
TH208,7-8,2021S,1,25,0,0
FG258,8,2021S,1,25,0,0
GS260,5-8,2021S,0,15,0,0
GS391,8,2021S,0,19,0,0
GS390,5-8,2021S,5,12,0,0
CO200,8,2021S,26,25,1,0
CN350,8,2021S,4,25,0,0
SO390,5,2021S,8,25,0,0
SO270,7,2021S,0,16,0,0
PC420,8,2021S,0,25,0,0
TH210,7,2021S,4,14,0,0
SP350,5,2021S,7,25,0,0
GS399,8,2021S,0,12,0,0
GS395,5-8,2021S,0,25,0,0
GS392,8,2021S,0,80,0,0
HK354,7,2021S,26,24,2,4
CP307,7,2021S,27,25,2,0
PA250,8,2021S,13,25,0,0
RE200,8,2021S,2,25,0,0
PY412,5,2021S,33,15,18,25
TH223,5-8,2021S,1,25,0,0
TH102,8,2021S,0,8,0,0
TH101,7-8,2021S,0,8,0,0
TH304,5,2021S,6,25,0,0
PC311,8,2021S,10,25,0,0
HK125,8,2021S,26,25,1,0
CO300,8,2021S,13,25,0,0
CC106,5,2021S,0,16,0,0
PC320,5,2021S,6,25,0,0
CC105,5,2021S,0,16,0,0
SO292,8,2021S,7,25,0,0
SO290,2- ,2021S,0,25,0,0
CC101,5,2021S,0,16,0,0
RE110,8,2021S,20,25,0,0
PY426,7,2021S,17,25,0,0
CL160,7,2021S,24,25,0,0
CO431,7,2021S,3,15,0,0
HK130,8,2021S,37,16,21,18
CN101,5-6,2021S,1,18,0,0
RM185,5,2021S,11,25,0,0
PY430,8,2021S,7,25,0,0
SO280,6,2021S,4,25,0,0
CP405,6,2021S,24,25,0,0
CN104,5-8,2021S,1,25,0,0
TH200,5,2021S,0,25,0,0
SO112,7,2021S,26,25,1,0
SP201,7-8,2021S,8,18,0,0
SO113,8,2021S,0,25,0,0
ED260,5-6,2021S,11,25,0,0
FG219,6,2021S,34,25,9,4
FR299,7-8,2021S,0,25,0,0
SO118,6,2021S,20,25,0,0
MU435,6,2021S,8,25,0,0
SO116,7,2021S,22,25,0,0
SO235,6,2021S,8,25,0,0
SP204,5-8,2021S,7,25,0,0
HK260,8,2021S,0,25,0,0
EN280,8,2021S,13,25,0,0
RM251,7,2021S,10,25,0,0
EN285,5,2021S,0,16,0,0
EN286,7,2021S,0,16,0,0
SO101,5,2021S,38,25,13,7
SP433,7,2021S,2,15,0,0
ED250,7,2021S,0,12,0,0
FG322,7,2021S,8,25,0,0
SO228,7,2021S,16,25,0,0
FG200,5,2021S,15,25,0,0
SO229,8,2021S,15,25,0,0
SP316,8,2021S,11,25,0,0
CL260,8,2021S,6,25,0,0
CN206,5-8,2021S,1,25,0,0
EN399,5,2021S,5,16,0,0
EC285,5,2021S,9,25,0,0
ED131,2- ,2021S,0,25,0,0
AH275,8,2021S,0,15,0,0
CN201,7,2021S,5,18,0,0
HY410,5,2021S,7,12,0,0
CN202,8,2021S,5,18,0,0
FG318,8,2021S,17,25,0,0
ED360,6,2021S,7,25,0,0
SP101,7-8,2021S,42,18,24,17
SO130,7,2021S,61,25,36,10
RE305,7,2021S,10,25,0,0
FG312,6,2021S,10,12,0,0
SP104,5-8,2021S,2,25,0,0
EN380,8,2021S,5,25,0,0
EN381,8,2021S,8,25,0,0
HY308,6,2021S,32,25,7,4
CL114,5-8,2021S,0,25,0,0
HY304,8,2021S,5,25,0,0
CL111,5-6,2021S,13,18,0,0
HY420,6,2021S,7,12,0,0
CL236,6,2021S,18,25,0,0
EN370,5,2021S,21,32,0,0
EN250,7,2021S,18,25,0,0
CL125,7,2021S,19,25,0,0
EC385,7,2021S,0,25,0,0
ED477,8,2021S,12,25,0,0
CN302,7,2021S,6,18,0,0
CL218,5,2021S,5,25,0,0
MA421,6,2021S,9,25,0,0
MU114,5-8,2021S,0,25,0,0
MU116,5-8,2021S,0,25,0,0
MU117,5-8,2021S,0,25,0,0
MU110,5-8,2021S,0,25,0,0
MU112,5-8,2021S,0,25,0,0
MU113,5-8,2021S,0,25,0,0
MU118,5-8,2021S,0,25,0,0
EN481,6,2021S,1,16,0,0
RE170,5,2021S,30,25,5,5
PY120,6,2021S,0,25,0,0
EN485,7,2021S,1,12,0,0
HY206,8,2021S,23,25,0,0
AS114,8,2021S,0,16,0,0
ED101,6,2021S,9,25,0,0
CL212,8,2021S,6,18,0,0
HY205,7,2021S,15,25,0,0
PY123,6,2021S,0,25,0,0
EC372,5,2021S,18,25,0,0
PC261,5,2021S,6,12,0,0
MA418,8,2021S,6,25,0,0
AH121,5,2021S,19,25,0,0
PC141,6,2021S,20,32,0,0
HY200,8,2021S,5,25,0,0
MA416,6,2021S,14,25,0,0
EC377,7,2021S,17,25,0,0
CL214,5-8,2021S,0,25,0,0
AS110,8,2021S,14,16,0,0
MU227,8,2021S,0,25,0,0
MU222,8,2021S,8,18,0,0
MU107,5-8,2021S,0,25,0,0
MU228,8,2021S,13,15,0,0
CL220,5,2021S,17,25,0,0
ED579,5-7,2021S,1,6,0,0
EN350,7,2021S,0,25,0,0
PY374,6,2021S,25,24,1,1
AS103,8,2021S,0,16,0,0
ED577,8,2021S,1,25,0,0
CL101,5-6,2021S,5,18,0,0
EC241,6,2021S,30,25,5,8
CL221,8,2021S,17,25,0,0
RE281,6,2021S,0,25,0,0
RE160,6,2021S,0,25,0,0
AS102,6,2021S,0,16,0,0
AH231,7,2021S,0,25,0,0
HY212,6,2021S,39,25,14,5
ED572,8,2021S,0,25,0,0
AS226,6,2021S,8,10,0,0
EC245,8,2021S,12,25,0,0
CN401,2- ,2021S,0,25,0,0
ED210,8,2021S,0,16,0,0
CL104,5-8,2021S,0,25,0,0
ED574,5-8,2021S,0,25,0,0
HY231,6,2021S,15,25,0,0
HY110,8,2021S,19,25,0,0
BU325,7,2021S,19,25,0,0
DA125,8,2021S,29,25,4,0
BU205,5,2021S,37,25,12,10
MU217,7,2021S,3,25,0,0
BU330,8,2021S,26,25,1,0
CL312,8,2021S,2,18,0,0
EN221,5,2021S,16,25,0,0
ED564,5-8,2021S,0,25,0,0
EC110,7,2021S,0,25,0,0
RS210,6,2021S,6,25,0,0
HY226,7,2021S,9,25,0,0
EN225,6,2021S,27,25,2,0
EC355,7,2021S,24,25,0,0
CL314,5-8,2021S,0,25,0,0
ED200,6,2021S,0,25,0,0
MA410,7,2021S,4,25,0,0
MU202,7,2021S,0,25,0,0
GY310,7,2021S,5,25,0,0
EC348,7,2021S,0,15,0,0
EC347,6,2021S,14,25,0,0
MA408,7,2021S,5,25,0,0
GY315,6,2021S,7,25,0,0
ED311,7,2021S,29,25,4,10
CL202,8,2021S,3,18,0,0
HY237,8,2021S,0,25,0,0
RS200,6,2021S,1,25,0,0
MA400,8,2021S,9,25,0,0
EC102,8,2021S,20,25,0,0
AH255,6,2021S,15,25,0,0
CL204,5-8,2021S,0,25,0,0
EC101,8,2021S,21,25,0,0
HE322,5-8,2021S,1,18,0,0
PC333,8,2021S,7,25,0,0
MA220,8,2021S,17,25,0,0
MU159,5-8,2021S,0,25,0,0
MU155,8,2021S,0,25,0,0
MU398,7,2021S,25,25,0,0
GY205,8,2021S,11,25,0,0
ED547,5-8,2021S,0,25,0,0
RE372,8,2021S,3,25,0,0
RE130,5,2021S,1,25,0,0
AR101,6-7,2021S,13,18,0,0
EC330,8,2021S,0,25,0,0
ED543,5-8,2021S,0,25,0,0
PY202,5-6,2021S,23,15,8,40
AH203,6,2021S,17,25,0,0
PC341,6,2021S,10,25,0,0
AR104,5-8,2021S,0,25,0,0
AH200,8,2021S,0,25,0,0
HY244,5,2021S,22,25,0,0
CL412,8,2021S,0,18,0,0
MA217,6,2021S,23,25,0,0
PC108,5-8,2021S,7,8,0,0
MU140,5-8,2021S,0,25,0,0
PC349,6,2021S,10,25,0,0
DA237,7,2021S,6,15,0,0
MB201,8,2021S,28,24,4,0
MA110,7,2021S,0,25,0,0
MU147,5-8,2021S,0,25,0,0
MU148,5-8,2021S,0,25,0,0
MU149,5-8,2021S,0,25,0,0
BU316,8,2021S,15,25,0,0
GY100,8,2021S,0,25,0,0
DA230,8,2021S,1,16,0,0
MU145,5-8,2021S,0,25,0,0
MU146,5-8,2021S,0,25,0,0
EC205,5,2021S,0,25,0,0
EC325,7,2021S,0,25,0,0
AS301,5,2021S,0,12,0,0
MB315,7,2021S,14,25,0,0
EN310,7,2021S,12,25,0,0
PC354,5,2021S,2,25,0,0
AS305,5,2021S,12,15,0,0
PA290,5,2021S,9,25,0,0
CL304,5-8,2021S,0,25,0,0
EC201,7,2021S,0,25,0,0
CL302,8,2021S,0,18,0,0
TH224,6,2021S,0,25,0,0
MU130,5-8,2021S,0,25,0,0
MU251,5,2021S,8,25,0,0
MU131,5-8,2021S,0,25,0,0
TH105,8,2021S,7,18,0,0
HE222,5-8,2021S,1,18,0,0
MA201,5,2021S,15,25,0,0
MA321,5,2021S,17,12,5,10
PC358,7,2021S,11,25,0,0
AS221,7,2021S,23,12,11,13
MU136,5-8,2021S,0,25,0,0
DA200,6,2021S,7,25,0,0
MU137,5-8,2021S,0,25,0,0
MU138,5-8,2021S,0,25,0,0
MU139,5-8,2021S,0,25,0,0
MU132,5-8,2021S,0,25,0,0
MU133,5-8,2021S,0,25,0,0
EV391,5,2021S,13,25,0,0
MU134,5-8,2021S,0,25,0,0
EV271,8,2021S,31,25,6,6
MU135,5-8,2021S,0,25,0,0
EC316,8,2021S,0,25,0,0
EV145,8,2021S,0,25,0,0
MA315,5,2021S,15,25,0,0
PY100,8,2021S,25,25,0,0
CH275,5,2021S,18,16,2,5
PY344,8,2021S,18,25,0,0
AH105,8,2021S,20,25,0,0
PC241,7,2021S,12,32,0,0
MB401,5,2021S,3,14,0,0
AS212,8,2021S,4,12,0,0
PC242,8,2021S,26,32,0,0
CH398,5-8,2021S,1,25,0,0
TH110,6,2021S,12,14,0,0
AS218,5,2021S,0,12,0,0
PY105,5,2021S,18,25,0,0
PC361,7,2021S,12,12,0,0
PC129,6,2021S,14,25,0,0
AS210,5,2021S,0,16,0,0
DA211,7,2021S,7,25,0,0
MU126,5-8,2021S,0,25,0,0
MU127,5-8,2021S,0,25,0,0
MU128,5-8,2021S,0,25,0,0
MU121,5-8,2021S,0,25,0,0
MU122,5-8,2021S,0,25,0,0
MU123,5-8,2021S,0,25,0,0
MU124,5-8,2021S,0,25,0,0
EC425,5,2021S,0,12,0,0
GY115,5,2021S,45,25,20,9
EC303,8,2021S,20,25,0,0
MU129,5-8,2021S,0,25,0,0
PC133,8,2021S,42,32,10,8
RE261,7,2021S,18,12,6,6
MA204,8,2021S,7,25,0,0
AS203,8,2021S,1,16,0,0
ED510,7,2021S,1,25,0,0
AS201,6,2021S,10,12,0,0
TH240,8,2021S,10,12,0,0
PC132,5-8,2021S,16,12,4,0
EC302,8,2021S,10,25,0,0
EC301,7,2021S,16,25,0,0
HY399,8,2021S,0,15,0,0
AS207,8,2021S,16,16,0,0
CL402,8,2021S,0,18,0,0
AH210,5,2021S,11,25,0,0
MB231,8,2022S,18,24,0,0
,,2022S,0,0,0,0
HE122,5-8,2022S,4,18,0,0
GY370,8,2022S,5,25,0,0
MU199,8,2022S,14,15,0,0
EV127,H,2022S,0,15,0,0
EV128,H,2022S,0,25,0,0
PH314,7,2022S,4,18,0,0
CH490,5-8,2022S,5,25,0,0
CH251,8,2022S,25,24,1,1
CH250,8,2022S,5,24,0,0
PS304,8,2022S,20,25,0,0
MB365,8,2022S,11,25,0,0
GY140,7,2022S,41,25,16,13
FM102,8,2022S,66,16,50,25
PH203,H,2022S,0,25,0,0
PS319,6,2022S,15,25,0,0
FM101,7,2022S,30,25,5,5
PH204,6,2022S,19,25,0,0
EC406,8,2022S,18,25,0,0
CH383,6,2022S,12,16,0,0
CH382,8,2022S,0,16,0,0
RU201,7,2022S,2,25,0,0
RU202,8,2022S,2,25,0,0
PS312,5,2022S,10,25,0,0
RU206,5-8,2022S,0,25,0,0
IT302,5-8,2022S,2,25,0,0
PS200,7,2022S,12,25,0,0
PH208,5-8,2022S,6,25,0,0
EV351,8,2022S,18,25,0,0
EV352,8,2022S,47,25,22,8
GY150,8,2022S,31,25,6,1
PH452,6,2022S,15,25,0,0
FM210,6,2022S,26,16,10,10
EV343,8,2022S,0,25,0,0
PH456,2- ,2022S,0,25,0,0
SW211,6,2022S,6,25,0,0
MA117,H,2022S,0,25,0,0
CH471,7,2022S,13,25,0,0
AS411,H,2022S,0,25,0,0
PS329,6,2022S,23,32,0,0
AR204,5-8,2022S,0,25,0,0
CH475,8,2022S,4,16,0,0
PS203,H,2022S,0,25,0,0
MU161,5-8,2022S,0,25,0,0
PS330,7,2022S,2,32,0,0
MU162,5-8,2022S,0,25,0,0
MA251,5,2022S,16,25,0,0
MU163,5-8,2022S,0,25,0,0
MU164,5-8,2022S,0,25,0,0
MA256,6,2022S,10,25,0,0
MA375,6,2022S,7,25,0,0
MU160,5-8,2022S,0,25,0,0
MU169,5-8,2022S,0,25,0,0
MU165,5-8,2022S,0,25,0,0
MU286,8,2022S,2,25,0,0
MU166,5-8,2022S,0,25,0,0
MU167,5-8,2022S,0,25,0,0
FM205,8,2022S,71,25,46,13
MU168,5-8,2022S,0,25,0,0
FM202,5,2022S,20,16,4,11
FM200,H,2022S,0,25,0,0
SW322,5,2022S,13,11,2,0
PH226,7,2022S,48,25,23,10
EV212,7,2022S,0,25,0,0
EV333,5,2022S,0,25,0,0
RU104,5-8,2022S,1,25,0,0
MA126,H,2022S,0,25,0,0
MA125,5-6,2022S,20,25,0,0
CH241,6,2022S,12,16,0,0
PS339,8,2022S,11,25,0,0
MA129,7,2022S,13,25,0,0
IT204,8,2022S,3,18,0,0
IT203,7,2022S,3,18,0,0
IT202,5-8,2022S,0,25,0,0
MB397,5-8,2022S,0,4,0,0
IT320,8,2022S,17,25,0,0
PY281,H,2022S,0,25,0,0
EV320,5,2022S,27,25,2,0
PY162,7,2022S,17,12,5,2
PG302,5-8,2022S,0,25,0,0
EV323,8,2022S,6,12,0,0
EV209,6,2022S,0,16,0,0
CH104,H,2022S,0,25,0,0
CH107,8,2022S,14,25,0,0
CH108,8,2022S,17,25,0,0
DS244,5-6,2022S,28,25,3,0
PG305,5,2022S,3,18,0,0
FM302,7,2022S,17,12,5,15
PY296,5-6,2022S,3,25,0,0
PY178,6,2022S,11,12,0,0
IT104,6,2022S,25,18,7,2
MB131,8,2022S,17,24,0,0
IT103,5,2022S,34,18,16,8
IT102,5-8,2022S,1,25,0,0
GS401,5,2022S,0,2,0,0
DS232,5-8,2022S,9,25,0,0
MB497,6,2022S,12,25,0,0
BE240,8,2022S,8,25,0,0
PG316,8,2022S,18,25,0,0
BE362,7,2022S,23,12,11,15
PS408,2- ,2022S,0,10,0,0
EV421,7,2022S,41,32,9,0
CP275,8,2022S,32,25,7,6
CP274,7,2022S,29,12,17,20
PG204,5-8,2022S,8,25,0,0
PS404,H,2022S,0,10,0,0
EV309,H,2022S,0,25,0,0
CH204,H,2022S,0,25,0,0
DS103,7-8,2022S,10,25,0,0
DS224,7-8,2022S,4,20,0,0
GR206,5-8,2022S,3,25,0,0
DS105,5-6,2022S,0,25,0,0
GR201,5,2022S,3,18,0,0
GR202,6,2022S,4,18,0,0
DS106,5-6,2022S,6,25,0,0
DS229,5-8,2022S,0,25,0,0
JA302,5-8,2022S,1,18,0,0
RU308,5-8,2022S,0,25,0,0
FM400,5,2022S,18,16,2,0
PH302,5,2022S,10,25,0,0
RU306,8,2022S,0,18,0,0
PS410,5,2022S,11,10,1,3
PS412,5,2022S,5,10,0,0
RU305,7,2022S,0,18,0,0
SO311,H,2022S,0,25,0,0
PS380,7,2022S,24,25,0,0
GS300,H,2022S,0,25,0,0
SO314,7,2022S,14,25,0,0
BE100,8,2022S,0,24,0,0
DS218,5-6,2022S,3,25,0,0
DS219,7-8,2022S,2,25,0,0
BE341,H,2022S,0,15,0,0
IT120,H,2022S,0,25,0,0
JA206,5-8,2022S,3,25,0,0
SW272,6,2022S,21,25,0,0
BE105,7,2022S,14,24,0,0
SW395,7,2022S,4,25,0,0
CP499,5,2022S,13,25,0,0
BE345,6,2022S,11,8,3,8
BE106,7,2022S,28,24,4,6
BE107,6,2022S,16,24,0,0
AN220,6,2022S,37,25,12,4
AN101,8,2022S,37,25,12,4
AN102,H,2022S,0,25,0,0
CH410,5,2022S,9,12,0,0
DS204,5-8,2022S,16,25,0,0
GR104,5-8,2022S,1,25,0,0
GR102,8,2022S,10,18,0,0
FR300,H,2022S,0,20,0,0
GR101,7,2022S,12,18,0,0
FR302,5-8,2022S,0,25,0,0
GR220,7,2022S,11,25,0,0
JA202,8,2022S,3,18,0,0
FR305,5,2022S,9,15,0,0
BE475,8,2022S,5,25,0,0
JA201,5,2022S,8,18,0,0
FR306,6,2022S,10,18,0,0
RM200,8,2022S,18,25,0,0
PG199,H,2022S,0,25,0,0
AN219,8,2022S,21,25,0,0
CH301,7,2022S,3,4,0,0
PH285,5,2022S,9,25,0,0
SO451,8,2022S,4,25,0,0
GS205,8,2022S,0,25,0,0
JA350,7,2022S,0,25,0,0
FR432,7,2022S,1,3,0,0
SP306,5,2022S,17,18,0,0
SP304,6,2022S,4,18,0,0
SP305,H,2022S,0,15,0,0
SP302,5-8,2022S,3,25,0,0
BE440,5,2022S,12,24,0,0
FR319,5,2022S,4,25,0,0
BE208,8,2022S,12,14,0,0
CP115,7,2022S,74,25,49,20
AN124,5-8,2022S,24,25,0,0
GS216,8,2022S,19,16,3,5
FR320,7,2022S,3,25,0,0
PS292,8,2022S,26,25,1,0
FR201,5,2022S,21,18,3,0
GS213,5-6,2022S,0,25,0,0
FR202,6,2022S,14,18,0,0
FR204,5-8,2022S,3,25,0,0
JA101,7-8,2022S,10,18,0,0
JA221,5,2022S,4,12,0,0
PS290,5,2022S,31,25,6,5
FR329,8,2022S,13,25,0,0
DS307,5-6,2022S,6,25,0,0
JA104,5-8,2022S,1,25,0,0
CP122,8,2022S,34,25,9,10
AN235,7,2022S,18,25,0,0
PS342,7,2022S,31,25,6,6
RU255,5,2022S,0,25,0,0
GS222,H,2022S,0,25,0,0
GS100,7-8,2022S,0,25,0,0
DS415,5-6,2022S,2,25,0,0
DS416,7-8,2022S,1,25,0,0
HK306,H,2022S,0,24,0,0
CO121,8,2022S,8,25,0,0
PH476,8,2022S,8,32,0,0
AN308,7,2022S,9,25,0,0
CO120,6,2022S,15,25,0,0
AN301,6,2022S,4,25,0,0
PS225,H,2022S,0,25,0,0
GS118,5-8,2022S,0,25,0,0
FR101,7,2022S,28,18,10,7
FR102,8,2022S,19,18,1,0
PS470,6,2022S,6,10,0,0
GS233,7,2022S,7,16,0,0
FR104,5-8,2022S,4,25,0,0
GS113,5-8,2022S,27,24,3,0
GS232,7,2022S,5,32,0,0
CP222,6,2022S,26,25,1,10
PH244,7,2022S,7,25,0,0
CO255,5,2022S,9,32,0,0
PH245,8,2022S,13,25,0,0
SW220,7,2022S,39,12,27,15
SW102,7,2022S,28,25,3,2
PH248,6,2022S,65,25,40,12
CP341,8,2022S,23,25,0,0
CO130,6,2022S,18,25,0,0
PH360,8,2022S,11,18,0,0
PS236,8,2022S,22,25,0,0
PS242,6,2022S,31,25,6,4
GS247,7,2022S,8,25,0,0
HK204,7,2022S,29,20,9,18
AN326,6,2022S,7,25,0,0
SW251,8,2022S,11,25,0,17
AN206,8,2022S,7,25,0,0
HK321,6,2022S,29,15,14,15
PS372,5,2022S,5,25,0,0
GS250,5-8,2022S,8,25,0,0
BE412,7,2022S,18,14,4,8
SW241,6,2022S,5,25,0,0
BE410,8,2022S,19,14,5,14
AN315,5,2022S,14,25,0,0
HK330,7,2022S,19,14,5,16
PH140,5,2022S,44,25,19,8
AN311,8,2022S,4,25,0,0
RM300,7,2022S,1,25,0,0
CC120,6,2022S,0,17,0,0
PY408,H,2022S,0,25,0,0
TH206,5,2022S,4,25,0,0
RE207,7,2022S,26,25,1,0
SP360,5,2022S,9,25,0,0
TH329,8,2022S,7,25,0,0
GS391,8,2022S,36,19,17,0
GS390,5-8,2022S,4,12,0,0
CO200,6,2022S,20,25,0,0
CN350,8,2022S,2,25,0,0
SO390,5,2022S,13,25,0,0
SO270,7,2022S,7,16,0,0
PC420,8,2022S,4,25,0,0
TH210,7,2022S,2,14,0,0
TH215,7-8,2022S,0,25,0,0
TH217,6,2022S,8,16,0,0
GS399,5-6,2022S,0,12,0,0
GS395,5-8,2022S,7,25,0,0
FG240,H,2022S,0,25,0,0
CP307,5,2022S,13,25,0,0
PA250,7-8,2022S,4,25,0,0
PY412,7,2022S,28,15,13,26
RE200,H,2022S,0,25,0,0
TH102,8,2022S,0,8,0,0
TH101,7-8,2022S,1,8,0,0
PC311,8,2022S,6,25,0,0
HK125,H,2022S,0,25,0,0
CO300,H,2022S,0,25,0,0
CC106,5,2022S,0,17,0,0
PC320,5,2022S,6,25,0,0
SO292,7,2022S,21,25,0,0
PY420,5-6,2022S,0,25,0,0
CC104,5,2022S,0,17,0,0
PY300,5-6,2022S,0,25,0,0
SO290,8,2022S,13,25,0,0
CC101,5,2022S,0,17,0,0
PY305,H,2022S,0,25,0,0
RE213,8,2022S,11,25,0,0
CL160,7,2022S,17,25,0,0
HK130,H,2022S,0,16,0,0
CN101,7-8,2022S,3,18,0,0
RM185,8,2022S,10,25,0,0
PC210,H,2022S,0,25,0,0
CP405,6,2022S,25,25,0,0
RE101,6,2022S,11,25,0,0
PY435,8,2022S,11,12,0,0
CN104,5-8,2022S,1,25,0,0
TH200,8,2022S,20,25,0,0
SP201,H-5,2022S,4,18,0,0
SO112,6,2022S,43,25,18,7
SO113,7,2022S,20,25,0,0
ED260,5-6,2022S,9,25,0,0
FG218,5,2022S,22,25,0,0
FR299,5-6,2022S,10,18,0,0
SO118,6,2022S,63,25,38,10
MU435,6,2022S,8,25,0,0
FG216,7,2022S,10,25,0,0
SO235,6,2022S,9,25,0,0
SP204,5-8,2022S,7,25,0,0
HK260,8,2022S,15,12,3,0
EN280,H,2022S,0,25,0,0
RM251,6,2022S,23,25,0,0
EN285,8,2022S,34,16,18,11
EN286,7,2022S,9,16,0,0
SO101,5,2022S,35,25,10,5
SP433,7,2022S,2,15,0,0
ED250,8,2022S,11,25,0,0
FG322,8,2022S,4,25,0,0
SO228,5,2022S,16,25,0,0
FG200,6,2022S,16,25,0,0
SO229,6,2022S,17,25,0,0
SP316,6,2022S,17,25,0,0
CN206,5-8,2022S,0,25,0,0
EN399,5,2022S,2,16,0,0
EC285,8,2022S,10,25,0,0
CN201,7,2022S,3,18,0,0
HY410,5,2022S,11,12,0,0
ED495,5-8,2022S,2,25,0,0
CN202,8,2022S,4,18,0,0
SW182,H,2022S,0,25,0,0
ED360,5,2022S,5,25,0,0
SP101,H-5,2022S,3,18,0,0
FG312,7,2022S,4,25,0,0
FG316,5,2022S,4,25,0,0
SP104,5-8,2022S,3,25,0,0
EN380,7,2022S,3,25,0,0
EN381,8,2022S,0,25,0,0
CL114,5-8,2022S,0,25,0,0
HY304,7,2022S,13,25,0,0
CL111,5-6,2022S,13,18,0,0
HY420,6,2022S,18,24,0,0
CL236,8,2022S,11,25,0,0
FG308,8,2022S,4,25,0,0
SO246,5,2022S,23,25,0,0
FG302,6,2022S,6,25,0,0
EN250,8,2022S,5,25,0,0
EN372,8,2022S,6,25,0,0
EN252,8,2022S,10,12,0,0
EC385,7,2022S,15,25,0,0
ED477,8,2022S,20,25,0,0
ED235,7,2022S,18,25,0,0
CN302,7,2022S,3,18,0,0
MA300,8,2022S,11,25,0,0
MA421,6,2022S,14,25,0,0
MU114,5-8,2022S,0,25,0,0
MU116,5-8,2022S,0,25,0,0
MU117,5-8,2022S,0,25,0,0
MU110,5-8,2022S,0,25,0,0
MU112,5-8,2022S,0,25,0,0
MU113,5-8,2022S,0,25,0,0
GY400,6,2022S,4,15,0,0
MU118,5-8,2022S,0,25,0,0
BU110,H,2022S,0,25,0,0
EN481,6,2022S,4,16,0,0
RE170,5,2022S,48,25,23,8
EN240,H,2022S,0,25,0,0
PY362,8,2022S,44,25,19,15
PY363,H,2022S,0,25,0,0
EN485,7,2022S,5,12,0,0
AS114,6,2022S,20,16,4,10
ED101,5,2022S,31,15,16,10
EN365,5,2022S,15,25,0,0
CL212,8,2022S,2,18,0,0
HY205,7,2022S,10,25,0,0
HY324,8,2022S,0,25,0,0
EC372,5,2022S,17,25,0,0
PC261,5,2022S,11,12,0,0
MA418,8,2022S,4,25,0,0
AH121,5,2022S,20,25,0,0
HY202,5,2022S,0,25,0,0
PC141,6,2022S,10,32,0,0
MA417,5,2022S,9,25,0,0
HY200,H,2022S,0,10,0,0
EC377,6,2022S,20,25,0,0
CL214,5-8,2022S,0,25,0,0
AS110,8,2022S,26,16,10,10
BU116,7,2022S,71,25,46,13
MU222,8,2022S,12,18,0,0
MU107,5-8,2022S,0,25,0,0
MU228,H,2022S,0,25,0,0
CL220,8,2022S,24,25,0,0
ED579,H-7,2022S,0,11,0,0
PY374,5-6,2022S,20,24,0,0
AS103,6,2022S,38,16,22,21
ED577,8,2022S,0,25,0,0
CL222,8,2022S,2,25,0,0
CL101,5-6,2022S,4,18,0,0
PY135,8,2022S,17,13,4,5
CL221,5,2022S,11,25,0,0
AH231,H,2022S,0,25,0,0
ED572,8,2022S,0,25,0,0
AS226,6,2022S,6,10,0,0
CN401,2- ,2022S,3,18,0,0
ED210,8,2022S,32,25,7,3
CL104,5-8,2022S,2,25,0,0
ED574,5-8,2022S,0,25,0,0
HY110,H,2022S,0,25,0,0
AS261,6,2022S,22,16,6,13
HY350,6,2022S,5,32,0,0
BU325,8,2022S,22,25,0,0
DA125,7,2022S,19,25,0,0
BU326,6,2022S,53,25,28,12
BU205,8,2022S,23,25,0,0
PY260,7,2022S,49,25,24,13
MU217,7,2022S,1,25,0,0
CL312,8,2022S,6,25,0,0
EN221,6,2022S,17,25,0,0
HY228,6,2022S,2,25,0,0
ED564,5-8,2022S,0,25,0,0
RS210,5,2022S,2,25,0,0
EC351,6,2022S,13,25,0,0
EN225,7,2022S,10,25,0,0
CL314,5-8,2022S,0,25,0,0
ED200,6,2022S,33,25,8,5
MA410,7,2022S,7,25,0,0
MU325,2- ,2022S,2,8,0,0
MU200,8,2022S,16,12,4,5
GY310,5,2022S,18,25,0,0
EC348,7,2022S,26,15,11,25
MA408,7,2022S,6,25,0,0
GY315,7,2022S,17,25,0,0
ED311,H,2022S,0,25,0,0
EC100,7-8,2022S,10,25,0,0
AS126,5-8,2022S,33,10,23,8
RS200,6,2022S,4,25,0,0
EC102,8,2022S,19,25,0,0
CL204,5-8,2022S,1,25,0,0
EC101,7,2022S,19,25,0,0
HE322,5-8,2022S,2,18,0,0
MA340,7,2022S,7,25,0,0
AH208,8,2022S,12,25,0,0
MA220,6,2022S,26,25,1,2
MU159,5-8,2022S,0,25,0,0
MU398,5,2022S,9,25,0,0
GY205,8,2022S,9,25,0,0
ED547,5-8,2022S,0,25,0,0
BU310,7,2022S,37,25,12,10
AR101,6-7,2022S,17,18,0,0
RE371,8,2022S,7,25,0,0
HY249,8,2022S,11,25,0,0
ED543,5-8,2022S,0,25,0,0
AS310,5,2022S,20,16,4,9
AH203,5,2022S,47,25,22,5
PC341,6,2022S,12,25,0,0
AH200,8,2022S,15,25,0,0
PY205,6,2022S,33,16,17,17
HY244,5,2022S,17,25,0,0
CL412,8,2022S,0,25,0,0
MA217,8,2022S,21,25,0,0
PC108,5-8,2022S,18,8,10,6
MU140,5-8,2022S,0,25,0,0
PC349,6,2022S,9,25,0,0
MB201,8,2022S,21,24,0,0
MB321,7,2022S,16,24,0,0
MA110,7,2022S,0,25,0,0
MU147,5-8,2022S,0,25,0,0
MU148,5-8,2022S,0,25,0,0
MU149,5-8,2022S,0,25,0,0
BU316,8,2022S,18,25,0,0
DA230,8,2022S,21,16,5,6
MU145,5-8,2022S,0,25,0,0
MU146,5-8,2022S,0,25,0,0
GY335,6,2022S,17,25,0,0
EN310,5,2022S,18,25,0,0
PC354,5,2022S,3,25,0,0
PY332,5-6,2022S,20,25,0,0
AS305,5,2022S,4,15,0,0
PA290,5,2022S,1,25,0,0
CL304,5-8,2022S,0,25,0,0
HY274,7,2022S,10,25,0,0
TH224,6,2022S,8,25,0,0
MU130,5-8,2022S,0,25,0,0
MU251,5,2022S,11,25,0,0
MU131,5-8,2022S,0,25,0,0
HE222,5-8,2022S,5,18,0,0
TH229,5,2022S,8,25,0,0
PC357,7,2022S,6,25,0,0
AS220,7,2022S,18,12,6,11
HY271,7,2022S,5,25,0,0
MB410,5,2022S,13,25,0,0
MA321,5,2022S,14,12,2,6
MU136,5-8,2022S,0,25,0,0
MU137,5-8,2022S,0,25,0,0
MU138,5-8,2022S,0,25,0,0
MU139,5-8,2022S,0,25,0,0
MU132,5-8,2022S,0,25,0,0
MU133,5-8,2022S,0,25,0,0
EV391,5,2022S,13,25,0,0
MU134,5-8,2022S,0,25,0,0
EV271,7,2022S,29,25,4,6
MU135,5-8,2022S,0,25,0,0
GY101,8,2022S,9,16,0,0
EV145,7,2022S,37,25,12,8
MA315,7,2022S,31,25,6,5
PY100,8,2022S,33,25,8,5
CH275,5,2022S,6,16,0,0
AH105,7,2022S,37,25,12,4
PC241,7,2022S,28,32,0,0
MB401,7,2022S,5,14,0,0
AS212,8,2022S,1,12,0,0
PC242,8,2022S,21,32,0,0
CH398,5-8,2022S,3,25,0,0
TH110,6,2022S,13,14,0,0
PC361,7,2022S,9,12,0,0
MB301,6,2022S,7,24,0,0
DA214,5-6,2022S,0,25,0,0
AS210,8,2022S,5,16,0,0
DA211,6,2022S,3,25,0,0
MU126,5-8,2022S,0,25,0,0
MU127,5-8,2022S,0,25,0,0
MU128,5-8,2022S,0,25,0,0
MU121,5-8,2022S,0,25,0,0
MU122,5-8,2022S,0,25,0,0
MU123,5-8,2022S,0,25,0,0
MU124,5-8,2022S,0,25,0,0
EC303,8,2022S,16,25,0,0
EV375,H,2022S,0,25,0,0
MU129,5-8,2022S,0,25,0,0
PC133,8,2022S,53,32,21,11
RE140,5,2022S,7,25,0,0
MA325,8,2022S,3,25,0,0
MA204,5,2022S,38,25,13,9
ED510,H,2022S,0,25,0,0
PY112,8,2022S,20,25,0,0
AS201,8,2022S,15,12,3,13
PC132,5-8,2022S,25,12,13,1
EC302,8,2022S,16,25,0,0
EC301,7,2022S,10,25,0,0
HY399,7,2022S,13,15,0,0
MB231,8,2023S,13,24,0,0
,,2023S,0,0,0,0
HE122,5-8,2023S,1,25,0,0
DA425,5-6,2023S,0,25,0,0
GY250,5,2023S,0,25,0,0
MU199,8,2023S,25,15,10,8
EV127,H,2023S,0,15,0,0
EV128,8,2023S,24,25,0,0
PS309,8,2023S,11,25,0,0
CH490,5-8,2023S,1,25,0,0
CH251,7,2023S,29,24,5,5
CH250,7,2023S,12,24,0,0
PS304,8,2023S,0,25,0,0
PS306,5,2023S,33,25,8,4
GY140,8,2023S,12,25,0,0
EC403,5,2023S,9,25,0,0
FM102,7,2023S,47,16,31,24
PH203,8,2023S,12,25,0,0
FM101,8,2023S,22,25,0,0
SW300,6,2023S,0,25,0,0
EC406,8,2023S,15,25,0,0
CH383,6,2023S,13,16,0,0
CH382,8,2023S,20,16,4,3
RU201,7,2023S,2,25,0,0
RU202,8,2023S,2,25,0,0
RU206,5-8,2023S,1,25,0,0
IT302,5-8,2023S,2,25,0,0
PS321,6,2023S,38,25,13,10
PS200,7,2023S,19,25,0,0
CH117,7,2023S,12,25,0,0
PH327,5,2023S,6,25,0,0
PH208,5-8,2023S,4,25,0,0
EV351,8,2023S,17,25,0,0
GY150,8,2023S,14,25,0,0
PH452,6,2023S,16,25,0,0
PS209,5,2023S,21,25,0,0
PH456,2- ,2023S,3,25,0,0
MA117,8,2023S,45,25,20,13
AS411,5,2023S,20,25,0,0
PS326,8,2023S,58,25,33,10
MB325,7,2023S,13,25,0,0
PS329,6,2023S,22,32,0,0
CH351,8,2023S,5,12,0,0
PS328,7,2023S,41,25,16,8
AR204,5-8,2023S,0,25,0,0
PS203,H,2023S,0,25,0,0
CH113,5,2023S,8,25,0,0
MU162,5-8,2023S,0,25,0,0
MA251,7,2023S,32,25,7,3
MU163,5-8,2023S,0,25,0,0
MU164,5-8,2023S,1,25,0,0
MU285,6,2023S,4,25,0,0
PS331,5,2023S,0,25,0,0
RU101,5,2023S,10,18,0,0
MA375,5,2023S,9,12,0,0
MU160,5-8,2023S,0,25,0,0
MU169,5-8,2023S,0,25,0,0
MU165,5-8,2023S,0,25,0,0
MU286,8,2023S,8,25,0,0
MU166,5-8,2023S,0,25,0,0
MU167,5-8,2023S,0,25,0,0
FM205,8,2023S,0,16,0,0
MU168,5-8,2023S,0,25,0,0
PH342,6,2023S,3,18,0,0
FM202,6,2023S,34,16,18,15
FM200,7,2023S,12,25,0,0
SW322,5,2023S,10,11,0,0
CH480,7,2023S,14,16,0,0
PH226,7,2023S,46,25,21,17
EV212,7,2023S,13,25,0,0
EV333,5,2023S,15,25,0,0
RU104,5-8,2023S,0,25,0,0
AS401,6,2023S,0,5,0,0
MA126,8,2023S,21,25,0,0
RU102,6,2023S,7,18,0,0
MA125,5-6,2023S,13,25,0,0
CH241,6,2023S,19,16,3,2
PS336,7,2023S,2,25,0,0
MA129,8,2023S,12,25,0,0
CH366,7,2023S,2,25,0,0
IT204,8,2023S,5,18,0,0
IT203,7,2023S,5,18,0,0
IT202,5-8,2023S,2,25,0,0
MB397,5-8,2023S,1,4,0,0
IT320,8,2023S,11,25,0,0
EV320,8,2023S,0,25,0,0
FM310,8,2023S,10,12,0,0
AN262,5,2023S,5,15,0,0
EV209,8,2023S,17,16,1,0
CH104,H,2023S,0,25,0,0
CH107,8,2023S,25,25,0,0
CH108,8,2023S,34,25,9,6
DS244,5-6,2023S,8,25,0,0
IT431,5,2023S,0,25,0,0
AN258,8,2023S,44,25,19,6
FM302,7,2023S,13,12,1,1
FM300,8,2023S,11,25,0,0
EV316,8,2023S,35,20,15,15
EV431,6,2023S,18,16,2,3
PY178,8,2023S,12,25,0,0
IT104,6,2023S,20,18,2,1
MB131,7,2023S,34,24,10,11
IT103,5,2023S,24,18,6,6
IT102,5-8,2023S,4,25,0,0
GS401,6,2023S,0,2,0,0
DS232,5-8,2023S,11,25,0,0
MB497,6,2023S,22,25,0,0
MB375,6,2023S,10,25,0,0
PG316,5,2023S,4,25,0,0
BE362,7,2023S,16,14,2,15
EV421,7,2023S,54,32,22,0
CP274,6,2023S,36,12,24,25
PS404,6,2023S,0,10,0,0
CH204,H,2023S,0,25,0,0
DS103,5-6,2023S,7,25,0,0
DS224,6-7,2023S,0,20,0,0
GR206,5-8,2023S,1,25,0,0
GR201,5,2023S,6,18,0,0
GR202,6,2023S,6,18,0,0
DS106,7-8,2023S,14,25,0,0
DS229,5-8,2023S,0,25,0,0
RU308,5-8,2023S,1,25,0,0
FM400,5,2023S,19,16,3,0
PH303,8,2023S,10,25,0,0
RU306,8,2023S,2,18,0,0
PS412,6,2023S,0,10,0,0
RU305,7,2023S,2,18,0,0
CH201,7,2023S,5,3,2,0
PS381,6,2023S,2,25,0,0
GS300,H,2023S,0,25,0,0
SO318,6,2023S,5,25,0,0
DS218,5-6,2023S,4,25,0,0
DS219,7-8,2023S,3,25,0,0
BE341,H,2023S,0,15,0,0
JA206,5-8,2023S,2,25,0,0
SW272,5,2023S,16,25,0,0
BE105,6,2023S,16,24,0,0
AN105,7,2023S,32,25,7,0
SW395,7,2023S,5,25,0,0
CP499,5,2023S,12,25,0,0
BE106,6,2023S,22,24,0,0
BE107,7,2023S,11,24,0,0
AN220,6,2023S,34,25,9,5
RM215,7,2023S,1,25,0,0
AN101,5,2023S,52,25,27,8
AN102,5,2023S,21,25,0,0
PS274,8,2023S,18,25,0,0
DS204,5-8,2023S,0,32,0,0
GR104,5-8,2023S,4,25,0,0
GR102,6,2023S,16,18,0,0
DS200,5-8,2023S,3,25,0,0
FR300,H,2023S,0,20,0,0
GR101,5,2023S,17,18,0,0
FR302,5-8,2023S,1,25,0,0
GR220,8,2023S,12,25,0,0
FR304,8,2023S,10,18,0,0
JA202,8,2023S,4,18,0,0
FR305,5,2023S,3,15,0,0
JA201,5,2023S,6,18,0,0
FR306,6,2023S,7,18,0,0
RM200,8,2023S,0,25,0,0
PG199,H,2023S,0,25,0,0
SO451,8,2023S,10,25,0,0
FR432,7,2023S,1,3,0,0
SP306,6,2023S,10,18,0,0
SP305,5,2023S,17,15,2,0
SP302,5-8,2023S,2,25,0,0
BE440,7,2023S,7,24,0,0
BE202,8,2023S,25,14,11,17
BE208,8,2023S,1,14,0,0
AN124,5-8,2023S,19,25,0,0
GS216,8,2023S,29,16,13,9
FR320,8,2023S,11,25,0,0
FR201,5,2023S,10,18,0,0
FR202,6,2023S,10,18,0,0
FR204,5-8,2023S,3,25,0,0
JA101,7-8,2023S,13,18,0,0
PS290,6,2023S,39,25,14,10
FR329,7,2023S,11,25,0,0
DS307,7-8,2023S,3,25,0,0
JA104,5-8,2023S,2,25,0,0
CP122,8,2023S,26,25,1,5
JA250,6,2023S,6,25,0,0
GS222,H,2023S,0,25,0,0
JA252,5,2023S,3,12,0,0
GS100,5-8,2023S,0,25,0,0
DS415,5-6,2023S,2,25,0,0
DS416,7-8,2023S,0,25,0,0
HK306,H,2023S,0,24,0,0
CO121,8,2023S,0,25,0,0
PH476,8,2023S,7,32,0,0
AN308,7,2023S,10,25,0,0
CO120,6,2023S,19,25,0,0
PS344,7,2023S,2,25,0,0
PS226,8,2023S,0,25,0,0
PS225,7,2023S,16,25,0,0
GS118,2- ,2023S,0,25,0,0
FR101,5,2023S,16,18,0,0
FR102,6,2023S,14,18,0,0
PS470,6,2023S,7,10,0,0
GS233,8,2023S,5,16,0,0
FR104,5-8,2023S,2,25,0,0
GS113,5-8,2023S,31,24,7,0
GS350,7,2023S,3,25,0,0
CP222,5,2023S,37,25,12,15
CO255,5,2023S,15,25,0,0
PH245,5,2023S,13,25,0,0
CO250,7,2023S,17,25,0,0
SW102,8,2023S,59,25,34,11
PH248,6,2023S,65,25,40,16
CP341,8,2023S,20,25,0,0
PH360,5,2023S,13,18,0,0
PS236,8,2023S,0,25,0,0
HK204,5,2023S,38,20,18,21
GS120,5-8,2023S,7,20,0,0
SO411,H-6,2023S,4,25,0,0
AN326,6,2023S,6,25,0,0
AN206,8,2023S,5,16,0,0
AN207,7,2023S,68,25,43,10
AN328,8,2023S,9,25,0,0
AN208,7,2023S,12,25,0,0
HK321,5,2023S,28,15,13,19
GS257,H,2023S,0,25,0,0
BE410,8,2023S,22,14,8,18
AN315,5,2023S,5,25,0,0
HK330,7,2023S,15,14,1,14
PH380,8,2023S,10,25,0,0
RM300,8,2023S,2,25,0,0
PH263,7,2023S,16,17,0,0
PH142,8,2023S,36,25,11,7
CC120,6,2023S,0,17,0,0
PY408,8,2023S,16,25,0,0
TH207,7,2023S,6,15,0,0
RE207,6,2023S,25,25,0,0
TH329,5,2023S,1,25,0,0
GS261,6,2023S,10,25,0,0
GS391,8,2023S,0,99,0,0
GS390,5-8,2023S,3,12,0,0
CO200,H,2023S,0,25,0,0
CN350,8,2023S,0,25,0,0
RE210,5,2023S,6,25,0,0
SO267,6,2023S,0,12,0,0
TH215,7-8,2023S,0,25,0,0
TH217,5,2023S,11,16,0,0
GS399,5-6,2023S,2,12,0,0
GS395,5-8,2023S,10,25,0,0
GS392,8,2023S,9,80,0,0
CP307,8,2023S,33,25,8,4
PA250,8,2023S,1,25,0,0
RE200,6,2023S,9,25,0,0
TH102,8,2023S,0,8,0,0
TH101,6-8,2023S,1,8,0,0
TH304,8,2023S,3,25,0,0
PC311,8,2023S,9,25,0,0
HK125,6,2023S,26,25,1,3
CO300,7,2023S,0,25,0,0
FG110,5,2023S,42,25,17,8
HK120,H,2023S,0,25,0,0
CC106,5,2023S,0,17,0,0
PY420,5-6,2023S,2,25,0,0
PY300,5-6,2023S,1,25,0,0
SO290,8,2023S,7,25,0,0
PY305,8,2023S,9,25,0,0
CO430,8,2023S,3,25,0,0
CL160,6,2023S,15,25,0,0
CN101,7-8,2023S,9,18,0,0
RM185,8,2023S,0,25,0,0
EN296,6,2023S,8,25,0,0
PY430,7,2023S,13,25,0,0
PC210,H,2023S,0,25,0,0
CP405,6,2023S,26,25,1,1
SP370,8,2023S,18,25,0,0
CN104,5-8,2023S,2,25,0,0
TH200,8,2023S,26,32,0,0
SP201,6-7,2023S,19,18,1,1
SO113,6,2023S,23,25,0,0
ED260,5-6,2023S,8,25,0,0
MS250,5-8,2023S,7,25,0,0
FR299,5-6,2023S,4,18,0,0
SO118,5,2023S,35,25,10,8
MU435,6,2023S,7,25,0,0
SO116,5,2023S,60,25,35,10
SP204,5-8,2023S,7,25,0,0
EN280,H,2023S,0,25,0,0
RM251,6,2023S,8,25,0,0
EN285,8,2023S,51,16,35,16
EN286,6,2023S,0,16,0,0
SP433,7,2023S,1,15,0,0
FG322,8,2023S,10,25,0,0
SO228,7,2023S,15,25,0,0
FG200,6,2023S,8,25,0,0
SO229,6,2023S,15,25,0,0
MS247,7,2023S,8,25,0,0
FG206,7,2023S,14,25,0,0
CL260,8,2023S,0,25,0,0
EN270,6,2023S,8,25,0,0
EN391,5,2023S,18,25,0,0
CN206,5-8,2023S,1,25,0,0
EN398,8,2023S,8,25,0,0
EN277,8,2023S,16,25,0,0
EN399,5,2023S,0,16,0,0
EC285,8,2023S,22,25,0,0
CN201,7,2023S,7,18,0,0
HY410,5,2023S,9,12,0,0
ED495,5-8,2023S,1,25,0,0
CN202,8,2023S,7,18,0,0
SW182,H,2023S,0,25,0,0
FG318,5,2023S,14,25,0,0
RE300,8,2023S,0,25,0,0
SP101,7-8,2023S,43,18,25,18
RE305,7,2023S,8,25,0,0
SP104,5-8,2023S,7,25,0,0
EN380,8,2023S,0,25,0,0
HY308,5,2023S,26,25,1,0
CL114,5-8,2023S,0,25,0,0
HY304,8,2023S,10,25,0,0
CL111,5-6,2023S,7,18,0,0
HY420,6,2023S,18,16,2,0
FG308,7,2023S,4,25,0,0
SO240,5,2023S,7,25,0,0
EN250,8,2023S,0,25,0,0
EN254,8,2023S,8,25,0,0
ED477,8,2023S,15,25,0,0
CN301,7,2023S,4,18,0,0
CN302,8,2023S,4,18,0,0
CL218,5,2023S,10,25,0,0
FG416,8,2023S,4,25,0,0
MA421,7,2023S,10,25,0,0
EC371,6,2023S,28,25,3,5
MU114,5-8,2023S,0,25,0,0
MU116,5-8,2023S,0,25,0,0
MU117,5-8,2023S,0,25,0,0
BU225,7,2023S,23,25,0,0
MU110,5-8,2023S,0,25,0,0
MU112,5-8,2023S,0,25,0,0
MU113,5-8,2023S,0,25,0,0
MU118,5-8,2023S,0,25,0,0
EN360,7,2023S,12,25,0,0
EN481,6,2023S,0,16,0,0
PY362,8,2023S,61,25,36,20
PY363,H,2023S,0,25,0,0
EN485,7,2023S,0,12,0,0
HY206,8,2023S,0,25,0,0
PY364,5-6,2023S,19,25,0,0
AS114,8,2023S,12,16,0,0
ED101,6,2023S,17,25,0,0
CL212,8,2023S,2,18,0,0
HY205,7,2023S,0,25,0,0
EC372,7,2023S,8,25,0,0
PC261,5,2023S,6,12,0,0
AH121,8,2023S,15,25,0,0
PC141,6,2023S,18,32,0,0
MA417,8,2023S,9,25,0,0
AH120,6,2023S,27,25,2,0
HY200,8,2023S,10,25,0,0
MA416,5,2023S,12,25,0,0
EC377,8,2023S,13,25,0,0
EC255,5,2023S,6,25,0,0
CL214,5-8,2023S,1,25,0,0
CL109,7,2023S,29,25,4,0
AS110,8,2023S,26,16,10,15
BU116,8,2023S,62,25,37,17
MU222,8,2023S,10,25,0,0
MU107,5-8,2023S,0,25,0,0
MU228,H,2023S,0,25,0,0
CL220,5,2023S,20,25,0,0
ED579,H-7,2023S,0,8,0,0
PY374,5-6,2023S,29,25,4,4
AS103,7,2023S,28,16,12,18
ED577,8,2023S,3,25,0,0
CL222,H,2023S,0,25,0,0
CL101,5-6,2023S,11,18,0,0
EC241,6,2023S,34,25,9,12
CL221,8,2023S,15,25,0,0
RE160,5,2023S,5,25,0,0
AS102,8,2023S,12,16,0,0
AH231,6,2023S,13,25,0,0
HY212,7,2023S,66,25,41,10
ED572,8,2023S,0,25,0,0
AS226,6,2023S,8,10,0,0
CN401,2- ,2023S,1,25,0,0
CL104,5-8,2023S,0,25,0,0
ED574,5-8,2023S,0,25,0,0
HY231,5,2023S,26,25,1,0
HY110,8,2023S,0,25,0,0
HY350,7,2023S,3,32,0,0
BU325,8,2023S,37,25,12,5
DA125,5,2023S,39,25,14,7
MU216,5-8,2023S,3,25,0,0
BU326,5,2023S,32,25,7,10
BU205,8,2023S,34,25,9,10
BU329,6,2023S,49,25,24,14
MU217,7,2023S,3,25,0,0
ED205,8,2023S,30,25,5,0
PY382,5,2023S,20,25,0,0
CL312,8,2023S,1,25,0,0
EN221,8,2023S,37,25,12,4
ED564,5-8,2023S,0,25,0,0
EN225,6,2023S,5,25,0,0
CL314,5-8,2023S,0,25,0,0
ED200,6,2023S,38,25,13,8
MA410,6,2023S,8,25,0,0
MU202,6,2023S,0,25,0,0
GY310,7,2023S,9,25,0,0
EC347,7,2023S,37,25,12,9
MA408,7,2023S,4,25,0,0
GY315,5,2023S,8,25,0,0
ED311,7,2023S,25,25,0,0
EC100,7-8,2023S,0,25,0,0
EN211,7,2023S,8,12,0,0
AS126,5-8,2023S,0,10,0,0
RS200,5,2023S,4,25,0,0
MA400,8,2023S,7,25,0,0
HY234,8,2023S,0,25,0,0
EC102,7,2023S,31,25,6,7
AH255,7,2023S,7,25,0,0
CL204,5-8,2023S,2,25,0,0
EC101,8,2023S,20,25,0,0
HE322,5-8,2023S,1,25,0,0
MU271,5,2023S,0,25,0,0
PC333,8,2023S,8,25,0,0
MA220,7,2023S,15,25,0,0
MU159,5-8,2023S,0,25,0,0
MU398,7,2023S,19,32,0,0
GY203,7,2023S,11,25,0,0
GY205,8,2023S,16,25,0,0
ED547,5-8,2023S,0,25,0,0
EN320,8,2023S,9,25,0,0
AR101,5-6,2023S,3,18,0,0
HY249,8,2023S,10,25,0,0
ED543,5-8,2023S,0,25,0,0
HY248,6,2023S,18,25,0,0
SO190,8,2023S,0,25,0,0
AH203,7,2023S,44,25,19,7
PC341,6,2023S,20,25,0,0
AR104,5-8,2023S,0,25,0,0
AH200,8,2023S,4,25,0,0
PY205,7,2023S,12,16,0,0
HY244,5,2023S,0,25,0,0
CL412,8,2023S,0,25,0,0
MA217,7,2023S,18,25,0,0
PC108,5-8,2023S,24,8,16,13
MU140,5-8,2023S,0,25,0,0
HY262,6,2023S,41,25,16,5
PC349,6,2023S,8,25,0,0
MB201,8,2023S,22,24,0,0
MA110,5,2023S,10,25,0,0
MU147,5-8,2023S,0,25,0,0
BU311,7,2023S,31,25,6,13
MU148,5-8,2023S,0,25,0,0
MU149,5-8,2023S,0,25,0,0
BU316,7,2023S,5,25,0,0
BU315,7,2023S,17,25,0,0
DA230,7,2023S,9,16,0,0
MU145,5-8,2023S,0,25,0,0
MU146,5-8,2023S,0,25,0,0
GY335,6,2023S,7,25,0,0
PY332,7,2023S,15,25,0,0
PC354,5,2023S,8,25,0,0
EN312,5,2023S,10,25,0,0
AS305,6,2023S,13,15,0,0
PA290,5,2023S,10,25,0,0
CL304,5-8,2023S,1,25,0,0
HY275,6,2023S,6,25,0,0
TH224,7,2023S,0,25,0,0
MU130,5-8,2023S,0,25,0,0
MU251,5,2023S,5,25,0,0
EN308,5,2023S,3,16,0,0
MU131,5-8,2023S,0,25,0,0
TH105,8,2023S,0,18,0,0
HE222,5-8,2023S,7,25,0,0
TH229,5,2023S,10,25,0,0
AS220,6,2023S,18,12,6,10
MA321,6,2023S,10,12,0,0
PC358,7,2023S,8,25,0,0
MU136,5-8,2023S,0,25,0,0
DA200,8,2023S,42,16,26,14
MU137,5-8,2023S,0,25,0,0
MU138,5-8,2023S,0,25,0,0
MU139,5-8,2023S,0,25,0,0
MU132,5-8,2023S,0,25,0,0
MU133,5-8,2023S,0,25,0,0
EV391,5,2023S,9,25,0,0
MU134,5-8,2023S,0,25,0,0
MU135,5-8,2023S,0,25,0,0
GY101,5,2023S,16,16,0,0
EV145,8,2023S,27,25,2,2
MA315,7,2023S,18,25,0,0
PY100,7,2023S,27,25,2,11
AS214,6,2023S,5,5,0,0
CH275,5,2023S,17,16,1,4
MA313,6,2023S,18,25,0,0
AH105,5,2023S,4,25,0,0
PY344,5-6,2023S,13,25,0,0
PC241,7,2023S,23,32,0,0
RE392,8,2023S,5,25,0,0
AS212,7,2023S,6,12,0,0
PC242,8,2023S,31,32,0,0
CH398,5-8,2023S,1,25,0,0
TH110,6,2023S,12,14,0,0
AS218,8,2023S,40,12,28,24
PY105,8,2023S,10,45,0,0
PC361,7,2023S,6,12,0,0
PC129,7,2023S,7,25,0,0
MB301,5,2023S,5,24,0,0
DA214,5-6,2023S,0,25,0,0
MU126,5-8,2023S,0,25,0,0
MU127,5-8,2023S,0,25,0,0
MU128,5-8,2023S,0,25,0,0
MU121,5-8,2023S,0,25,0,0
MU122,5-8,2023S,0,25,0,0
MU123,5-8,2023S,0,25,0,0
MU124,5-8,2023S,0,25,0,0
EC303,8,2023S,9,25,0,0
MU129,5-8,2023S,0,25,0,0
MB415,5,2023S,21,25,0,0
PC133,8,2023S,56,32,24,14
RE140,7,2023S,15,25,0,0
RE261,7,2023S,40,12,28,10
MA204,8,2023S,14,25,0,0
ED510,7,2023S,0,25,0,0
PC132,5-8,2023S,14,12,2,0
EC302,7,2023S,35,25,10,12
EC301,8,2023S,0,25,0,0
HY399,7,2023S,20,15,5,1
AS207,8,2023S,11,16,0,0
AH210,5,2023S,11,25,0,0
MB231,2,2021F,31,24,7,3
,,2021F,0,0,0,0
HE121,1-4,2021F,2,18,0,0
MB355,4,2021F,16,24,0,0
EV373,1,2021F,39,25,14,7
MU199,2,2021F,8,15,0,0
EV126,4,2021F,2,12,0,0
EV128,4,2021F,22,25,0,0
PS309,3,2021F,11,25,0,0
CH490,1-4,2021F,12,25,0,0
CH251,4,2021F,14,24,0,0
CH250,4,2021F,12,24,0,0
PS306,4,2021F,21,25,0,0
GY140,4,2021F,27,25,2,4
DA311,2,2021F,7,25,0,0
EC403,3,2021F,14,25,0,0
FM102,3,2021F,35,16,19,18
PH203,1,2021F,13,25,0,0
FM101,2,2021F,17,25,0,0
EV356,3,2021F,32,25,7,5
CH382,4,2021F,14,16,0,0
CH266,3,2021F,14,25,0,0
RU205,1-4,2021F,0,25,0,0
PS313,1,2021F,18,25,0,0
MA240,4,2021F,7,25,0,0
MU295,4,2021F,8,32,0,0
PS200,3,2021F,20,25,0,0
IT301,1-4,2021F,0,25,0,0
BE280,3,2021F,21,24,0,0
SW337,4,2021F,7,25,0,0
PH208,1-4,2021F,3,25,0,0
EV351,3,2021F,20,25,0,0
GY150,4,2021F,13,25,0,0
SW217,1,2021F,1,25,0,0
FM210,4,2021F,21,16,5,4
EV221,4,2021F,0,12,0,0
PS209,4,2021F,18,25,0,0
PH456,1- ,2021F,4,25,0,0
MA117,3,2021F,25,25,0,0
PS205,4,2021F,32,25,7,6
AR320,4,2021F,2,25,0,0
MB325,3,2021F,20,25,0,0
AR202,3,2021F,2,18,0,0
CH351,1,2021F,10,12,0,0
AR201,2,2021F,3,18,0,0
PS322,2,2021F,19,25,0,0
PS203,1,2021F,10,25,0,0
MU162,1-4,2021F,0,25,0,0
MA251,1,2021F,20,25,0,0
MU163,1-4,2021F,0,25,0,0
PS211,2,2021F,23,25,0,0
PS332,4,2021F,39,25,14,8
MU164,1-4,2021F,0,25,0,0
PS331,1,2021F,13,25,0,0
RU101,3,2021F,3,18,0,0
MB101,4,2021F,10,24,0,0
MA375,1,2021F,14,12,2,7
MU160,1-4,2021F,0,25,0,0
MU169,1-4,2021F,0,25,0,0
EV341,2,2021F,18,25,0,0
MU165,1-4,2021F,0,25,0,0
MU166,1-4,2021F,0,25,0,0
MU167,1-4,2021F,0,25,0,0
PH341,2,2021F,13,18,0,0
EV215,4,2021F,24,20,4,5
PH101,4,2021F,19,25,0,0
FM202,4,2021F,15,16,0,0
FM200,3,2021F,13,25,0,0
EV212,1,2021F,16,25,0,0
EV333,4,2021F,11,25,0,0
PS337,2,2021F,14,25,0,0
MA126,4,2021F,8,25,0,0
RU102,4,2021F,3,18,0,0
RU103,1-4,2021F,1,25,0,0
CH241,3,2021F,7,16,0,0
AH412,2,2021F,4,25,0,0
PS336,1,2021F,2,25,0,0
MA129,3,2021F,20,25,0,0
PS335,2,2021F,10,25,0,0
IT201,1-4,2021F,1,25,0,0
AN270,3,2021F,8,25,0,0
MB397,1-4,2021F,0,4,0,0
IT320,4,2021F,4,25,0,0
PY160,1,2021F,39,25,14,5
FM312,1,2021F,16,16,0,0
PG300,4,2021F,5,18,0,0
EV321,4,2021F,10,25,0,0
FM310,2,2021F,16,12,4,2
EV209,3,2021F,30,16,14,15
CH107,4,2021F,1,25,0,0
CH108,3,2021F,25,25,0,0
FM305,4,2021F,11,32,0,0
FM302,3,2021F,18,12,6,20
EV315,2,2021F,24,14,10,10
FM300,2,2021F,17,25,0,0
FM301,1,2021F,18,25,0,0
PY296,2,2021F,21,25,0,0
PY299,1-2,2021F,41,32,9,9
CH100,1,2021F,2,16,0,0
CH342,2,2021F,4,25,0,0
AN256,4,2021F,9,25,0,0
MB131,3,2021F,32,24,8,10
IT104,4,2021F,9,18,0,0
DS236,2-3,2021F,0,25,0,0
IT103,3,2021F,13,18,0,0
DS231,1-2,2021F,7,25,0,0
MB497,4,2021F,10,25,0,0
IT101,1-4,2021F,3,25,0,0
PS408,1- ,2021F,3,10,0,0
CP275,2,2021F,15,25,0,0
EV301,1,2021F,15,12,3,0
CP274,4,2021F,8,12,0,0
PS404,2,2021F,7,10,0,0
DS102,2-3,2021F,6,25,0,0
DS223,2-3,2021F,0,20,0,0
DS103,3-4,2021F,7,25,0,0
GR205,1-4,2021F,2,25,0,0
DS105,1-2,2021F,2,25,0,0
GR200,4,2021F,11,25,0,0
JA301,2,2021F,2,18,0,0
DS229,1-4,2021F,1,25,0,0
PH303,1,2021F,18,25,0,0
RU307,1-4,2021F,0,25,0,0
PS410,4,2021F,8,10,0,0
PS412,4,2021F,9,10,0,0
CH201,3,2021F,1,3,0,0
PS381,3,2021F,4,25,0,0
BE105,3,2021F,20,24,0,0
AN105,3,2021F,17,25,0,0
JA205,1-4,2021F,0,25,0,0
BE344,3,2021F,4,8,0,0
CP499,4,2021F,10,25,0,0
SW273,2,2021F,15,25,0,0
BE106,4,2021F,23,24,0,0
BE107,1,2021F,23,24,0,0
RM218,4,2021F,8,25,0,0
RM215,2,2021F,3,25,0,0
AN102,1,2021F,21,25,0,0
RM212,3,2021F,12,25,0,0
PS276,3,2021F,12,25,0,0
GR102,4,2021F,9,18,0,0
GR103,1-4,2021F,1,25,0,0
FR301,1-4,2021F,1,25,0,0
GR101,3,2021F,8,18,0,0
GR220,3,2021F,11,25,0,0
FR304,3,2021F,3,18,0,0
PA406,4,2021F,1,25,0,0
FR305,4,2021F,5,15,0,0
SO301,1,2021F,17,25,0,0
SO302,2,2021F,23,25,0,0
FR308,1,2021F,5,25,0,0
AN215,3,2021F,12,25,0,0
PH281,4,2021F,17,25,0,0
PH283,2,2021F,19,25,0,0
SP301,1-4,2021F,3,25,0,0
GS205,4,2021F,1,25,0,0
FR431,2,2021F,1,25,0,0
SP306,4,2021F,14,18,0,0
SP304,3,2021F,5,18,0,0
SP305,3,2021F,8,15,0,0
FR317,4,2021F,5,25,0,0
BE440,4,2021F,18,32,0,0
BE202,1,2021F,17,14,3,12
BE208,2,2021F,9,14,0,0
AN242,2,2021F,25,25,0,0
CP115,4,2021F,13,25,0,0
AN123,1-4,2021F,15,25,0,0
GS216,4,2021F,13,16,0,0
GS213,1-2,2021F,0,25,0,0
FR203,1-4,2021F,4,25,0,0
JA101,3-4,2021F,17,18,0,0
PS290,2,2021F,31,25,6,3
JA103,1-4,2021F,1,25,0,0
SO324,3,2021F,8,25,0,0
DS307,3-4,2021F,5,25,0,0
CP122,3,2021F,23,25,0,0
DS413,1-2,2021F,4,25,0,0
GS105,3-4,2021F,2,25,0,0
GS222,3,2021F,1,25,0,0
DS414,3-4,2021F,1,25,0,0
HK304,2,2021F,26,24,2,6
AN308,4,2021F,7,25,0,0
PS344,3,2021F,7,25,0,0
PS226,1,2021F,12,25,0,0
PS230,3,2021F,17,32,0,0
GS118,1-4,2021F,1,25,0,0
FR101,3,2021F,10,18,0,0
FR102,4,2021F,11,18,0,0
FR103,1-4,2021F,4,25,0,0
GS233,4,2021F,0,16,0,0
GS113,1-4,2021F,12,24,0,0
CP222,4,2021F,34,25,9,12
PH243,3,2021F,13,25,0,0
PH122,3,2021F,10,12,0,0
PH246,4,2021F,18,25,0,0
CO250,2,2021F,14,25,0,0
SW102,2,2021F,22,25,0,0
CP341,2,2021F,10,25,0,0
CO130,4,2021F,8,25,0,0
PS355,4,2021F,10,25,0,0
PS236,3,2021F,17,25,0,0
GS247,3,2021F,3,25,0,0
SW259,1,2021F,26,25,1,0
SW252,3,2021F,42,25,17,10
AN207,1,2021F,21,25,0,0
AN208,2,2021F,13,25,0,0
HK321,3,2021F,16,15,1,6
AN320,1,2021F,12,14,0,0
GS250,1-4,2021F,5,25,0,0
PH261,3,2021F,11,25,0,0
RM300,4,2021F,0,25,0,0
PH263,3,2021F,12,17,0,0
CC120,3,2021F,0,17,0,0
TH207,3,2021F,6,15,0,0
RE206,1,2021F,16,25,0,0
TH208,3-4,2021F,2,25,0,0
GS391,4,2021F,88,19,69,0
SO390,4,2021F,15,25,0,0
RE210,4,2021F,1,25,0,0
TH212,2-3,2021F,0,25,0,0
TH218,4,2021F,7,10,0,0
TH217,4,2021F,4,16,0,0
GS399,1-2,2021F,1,12,0,0
HK354,3,2021F,7,24,0,0
CP307,3,2021F,12,25,0,0
RE200,4,2021F,8,25,0,0
PY413,3,2021F,11,25,0,0
TH102,4,2021F,1,8,0,0
TH101,3-4,2021F,2,8,0,0
TH304,2,2021F,8,25,0,0
TH303,1,2021F,8,25,0,0
FG114,3,2021F,19,25,0,0
HK125,2,2021F,22,25,0,0
FG236,4,2021F,15,25,0,0
CO300,3,2021F,0,25,0,0
FG110,4,2021F,29,25,4,4
HK120,4,2021F,8,25,0,0
CC106,1,2021F,0,17,0,0
PC441,3,2021F,6,25,0,0
CC105,1,2021F,0,17,0,0
PC442,4,2021F,1,25,0,0
CC104,1,2021F,0,17,0,0
PY422,1,2021F,31,25,6,5
CC103,1,2021F,0,17,0,0
SO290,4,2021F,9,25,0,0
CC102,1,2021F,0,17,0,0
CC101,1,2021F,0,17,0,0
RE110,4,2021F,13,25,0,0
FG222,3,2021F,15,25,0,0
CO430,1,2021F,2,25,0,0
HK130,3,2021F,18,16,2,10
CN101,3-4,2021F,6,18,0,0
RM185,4,2021F,7,25,0,0
SP370,4,2021F,11,25,0,0
PC450,1,2021F,14,25,0,0
PY433,4,2021F,23,25,0,0
CN103,1-4,2021F,3,25,0,0
TH200,4,2021F,14,25,0,0
SO112,2,2021F,29,25,4,0
ED380,1,2021F,8,25,0,0
SP201,3-4,2021F,5,18,0,0
SO113,4,2021F,12,25,0,0
FG211,4,2021F,11,25,0,0
SO118,4,2021F,19,25,0,0
SO116,3,2021F,41,25,16,7
SP203,1-4,2021F,4,25,0,0
EN280,2,2021F,7,25,0,0
EN282,3,2021F,5,16,0,0
EN283,2,2021F,9,16,0,0
EN285,4,2021F,11,16,0,0
EN286,4,2021F,20,16,4,5
ED385,3,2021F,5,12,0,0
SP312,3,2021F,14,15,0,0
ED250,3,2021F,9,25,0,0
MU301,1,2021F,11,25,0,0
SO228,4,2021F,13,25,0,0
SO229,3,2021F,10,25,0,0
EN391,2,2021F,10,25,0,0
CN205,1-4,2021F,0,25,0,0
EN399,1,2021F,14,16,0,0
EC285,1,2021F,6,25,0,0
ED255,3,2021F,18,25,0,0
SP103,1-4,2021F,3,25,0,0
RE302,2,2021F,1,25,0,0
SP101,3-4,2021F,5,18,0,0
SO130,4,2021F,35,25,10,10
EN380,4,2021F,3,25,0,0
EN381,1,2021F,11,25,0,0
HY308,2,2021F,32,25,7,3
HY307,1,2021F,21,25,0,0
CL113,1-4,2021F,0,25,0,0
EC275,3,2021F,15,25,0,0
ED120,1,2021F,5,12,0,0
FG308,1,2021F,8,25,0,0
SO247,1,2021F,23,25,0,0
EN250,3,2021F,10,25,0,0
ED110,4,2021F,21,25,0,0
ED478,2-3,2021F,0,25,0,0
CN301,2,2021F,4,15,0,0
FG416,2,2021F,8,25,0,0
EC371,4,2021F,27,25,2,0
MU114,1-4,2021F,0,25,0,0
MU116,1-4,2021F,0,25,0,0
BU225,1,2021F,17,25,0,0
MU117,1-4,2021F,0,25,0,0
MU110,1-4,2021F,0,25,0,0
MU112,1-4,2021F,0,25,0,0
MU113,1-4,2021F,0,25,0,0
EN480,2,2021F,9,16,0,0
MU118,1-4,2021F,0,25,0,0
RE170,3,2021F,24,25,0,0
HY206,3,2021F,25,25,0,0
CL213,1-4,2021F,0,25,0,0
AS114,2,2021F,21,16,5,10
ED101,3,2021F,9,15,0,0
AH245,4,2021F,2,25,0,0
ED466,4,2021F,0,25,0,0
HY204,4,2021F,19,25,0,0
CL211,4,2021F,3,18,0,0
ED225,2,2021F,5,12,0,0
PC142,4,2021F,18,32,0,0
PC261,4,2021F,10,12,0,0
PC141,3,2021F,22,32,0,0
AH120,4,2021F,17,25,0,0
MA416,3,2021F,12,25,0,0
HY200,4,2021F,7,25,0,0
EC377,2,2021F,10,25,0,0
AS110,3,2021F,22,16,6,7
MU227,4,2021F,18,15,3,4
MU107,1-4,2021F,0,25,0,0
PY130,3,2021F,16,15,1,0
CL103,1-4,2021F,0,25,0,0
HY217,1,2021F,18,25,0,0
EC243,3,2021F,14,25,0,0
ED455,2,2021F,7,25,0,0
CL222,4,2021F,18,25,0,0
ED578,2-3,2021F,0,25,0,0
HY212,4,2021F,23,25,0,0
CL226,3,2021F,7,25,0,0
ED573,1-4,2021F,0,25,0,0
CN401,1- ,2021F,2,18,0,0
HY110,2,2021F,12,25,0,0
BU326,4,2021F,25,25,0,0
BU205,2,2021F,17,25,0,0
BU329,4,2021F,25,25,0,0
PY382,2,2021F,19,25,0,0
GY305,3,2021F,6,25,0,0
EN221,4,2021F,8,25,0,0
CL311,4,2021F,4,18,0,0
ED566,4,2021F,0,25,0,0
HY226,3,2021F,14,25,0,0
HY225,2,2021F,24,25,0,0
EN225,4,2021F,10,25,0,0
ED562,1-4,2021F,0,25,0,0
CL313,1-4,2021F,0,25,0,0
ED563,1-4,2021F,0,25,0,0
GY320,2,2021F,15,25,0,0
EN330,3,2021F,14,25,0,0
ED553,1,2021F,0,25,0,0
CL202,4,2021F,5,18,0,0
EC100,3-4,2021F,2,25,0,0
EN211,4,2021F,0,12,0,0
AS126,1-4,2021F,20,10,10,2
RS200,4,2021F,15,25,0,0
EC102,2,2021F,37,25,12,8
AH255,3,2021F,15,25,0,0
EC101,4,2021F,13,25,0,0
HY111,3,2021F,28,25,3,0
CL203,1-4,2021F,0,25,0,0
HY253,4,2021F,14,25,0,0
EN329,3,2021F,2,25,0,0
MU272,4,2021F,24,15,9,12
HE321,1-4,2021F,0,18,0,0
MU274,3,2021F,10,15,0,0
MA220,4,2021F,24,25,0,0
DA221,3,2021F,8,25,0,0
MU397,4,2021F,13,25,0,0
ED546,1-4,2021F,0,25,0,0
BU310,3,2021F,32,25,7,7
CL411,4,2021F,0,25,0,0
RE130,3,2021F,4,25,0,0
ED542,1-4,2021F,0,25,0,0
AS310,2,2021F,6,16,0,0
AH204,2,2021F,24,25,0,0
EC455,4,2021F,5,25,0,0
AR104,1-4,2021F,1,25,0,0
PY205,4,2021F,9,16,0,0
HY243,4,2021F,7,25,0,0
PC108,1-4,2021F,14,8,6,14
MU140,1-4,2021F,0,25,0,0
MB201,4,2021F,34,24,10,5
MA475,2,2021F,9,25,0,0
MU147,1-4,2021F,0,25,0,0
MU148,1-4,2021F,0,25,0,0
MU149,1-4,2021F,0,25,0,0
BU315,2,2021F,33,32,1,2
MU145,1-4,2021F,0,25,0,0
GY212,1,2021F,12,25,0,0
GY211,3,2021F,11,25,0,0
AS301,3,2021F,9,12,0,0
PC353,2,2021F,3,25,0,0
PC354,4,2021F,0,25,0,0
EN311,3,2021F,14,25,0,0
RE243,1,2021F,0,25,0,0
CL303,1-4,2021F,0,25,0,0
CL302,4,2021F,0,18,0,0
HY254,2,2021F,17,25,0,0
HY275,3,2021F,6,25,0,0
TH224,4,2021F,1,25,0,0
MU130,1-4,2021F,0,25,0,0
HE221,1-4,2021F,5,18,0,0
EN308,4,2021F,0,12,0,0
TH105,3,2021F,23,18,5,4
MU131,1-4,2021F,0,25,0,0
EN309,4,2021F,6,12,0,0
MA201,2,2021F,18,25,0,0
AS220,4,2021F,6,12,0,0
MA321,4,2021F,8,12,0,0
MU136,1-4,2021F,0,25,0,0
EV272,1,2021F,63,25,38,15
MU137,1-4,2021F,0,25,0,0
DA200,1,2021F,17,25,0,0
MU138,1-4,2021F,0,25,0,0
MU139,1-4,2021F,0,25,0,0
MU132,1-4,2021F,0,25,0,0
MU133,1-4,2021F,0,25,0,0
MU134,1-4,2021F,0,25,0,0
MU135,1-4,2021F,0,25,0,0
EV271,2,2021F,29,25,4,8
EV145,3,2021F,18,25,0,0
PY100,4,2021F,8,25,0,0
AS214,3,2021F,8,5,3,18
CH275,2,2021F,13,16,0,0
MA313,4,2021F,21,25,0,0
PC241,1,2021F,19,32,0,0
PC362,2,2021F,7,12,0,0
MB401,1,2021F,13,14,0,0
AS212,4,2021F,4,12,0,0
PC242,2,2021F,25,32,0,0
CH398,1-4,2021F,2,25,0,0
AS218,2,2021F,14,12,2,9
AS210,4,2021F,7,16,0,0
MU126,1-4,2021F,0,25,0,0
MU127,1-4,2021F,0,25,0,0
MU128,1-4,2021F,0,25,0,0
MU121,1-4,2021F,0,25,0,0
MU122,1-4,2021F,0,25,0,0
MU123,1-4,2021F,0,25,0,0
MU124,1-4,2021F,0,25,0,0
EC303,2,2021F,20,25,0,0
MU129,1-4,2021F,0,25,0,0
PC133,1,2021F,33,32,1,0
MA204,3,2021F,23,25,0,0
PC253,1-4,2021F,3,25,0,0
PC132,1-4,2021F,11,12,0,0
EC302,3,2021F,12,25,0,0
EC301,4,2021F,20,25,0,0
HY399,2,2021F,11,15,0,0
PC251,3,2021F,24,32,0,0
CL402,4,2021F,0,25,0,0
AH210,1,2021F,11,25,0,0
AS205,4,2021F,23,15,8,15
MB231,2,2022F,13,24,0,0
,,2022F,0,0,0,0
MB350,4,2022F,5,24,0,0
HE121,1-4,2022F,0,25,0,0
MB355,1,2022F,0,24,0,0
GY250,2,2022F,3,25,0,0
MU199,3,2022F,11,15,0,0
EV126,4,2022F,11,25,0,0
EV128,4,2022F,9,25,0,0
PH314,4,2022F,10,18,0,0
CH490,1-4,2022F,5,25,0,0
CH251,4,2022F,33,24,9,5
CH250,4,2022F,20,24,0,0
HY287,3,2022F,6,25,0,0
GY140,2,2022F,40,25,15,14
DA311,2,2022F,16,25,0,0
EC405,1,2022F,23,25,0,0
EC403,2,2022F,11,25,0,0
FM102,2,2022F,32,16,16,20
PH202,2,2022F,3,25,0,0
FM101,3,2022F,12,25,0,0
PH205,2,2022F,19,32,0,0
EV356,2,2022F,25,25,0,0
CH382,4,2022F,9,16,0,0
PS315,3,2022F,11,25,0,0
CH266,2,2022F,8,25,0,0
RU205,1-4,2022F,0,25,0,0
MU295,4,2022F,9,25,0,0
PS200,3,2022F,6,25,0,0
IT301,1-4,2022F,0,25,0,0
PS320,1,2022F,13,25,0,0
BE280,3,2022F,23,24,0,0
PH208,1-4,2022F,6,32,0,0
EV351,1,2022F,4,25,0,0
EV352,1,2022F,26,25,1,6
GY150,4,2022F,21,25,0,0
FM210,4,2022F,19,16,3,2
PS209,4,2022F,16,25,0,0
PH456,1- ,2022F,1,25,0,0
MA117,4,2022F,39,25,14,11
AS411,2,2022F,15,25,0,0
PS205,3,2022F,11,25,0,0
AR320,4,2022F,1,25,0,0
AR202,3,2022F,0,18,0,0
AR201,2,2022F,0,18,0,0
CH475,3,2022F,2,16,0,0
PS203,4,2022F,15,25,0,0
MU161,1-4,2022F,0,25,0,0
MU162,1-4,2022F,0,25,0,0
MU283,3,2022F,4,25,0,0
MA251,3,2022F,18,25,0,0
MU163,1-4,2022F,0,25,0,0
MU164,1-4,2022F,0,25,0,0
RU101,3,2022F,3,18,0,0
MA375,1,2022F,4,12,0,0
MU160,1-4,2022F,0,25,0,0
MU169,1-4,2022F,0,25,0,0
EV341,3,2022F,18,25,0,0
MU165,1-4,2022F,0,25,0,0
MU166,1-4,2022F,0,25,0,0
FM205,1,2022F,16,16,0,0
MU167,1-4,2022F,0,25,0,0
MU168,1-4,2022F,0,25,0,0
PH101,3,2022F,8,25,0,0
FM200,3,2022F,16,25,0,0
EV333,2,2022F,12,25,0,0
EV212,3,2022F,13,25,0,0
SW200,3,2022F,20,32,0,0
PS337,1,2022F,6,25,0,0
MA126,4,2022F,16,25,0,0
RU103,1-4,2022F,0,25,0,0
CH241,3,2022F,14,16,0,0
AH412,2,2022F,1,25,0,0
MA129,3,2022F,4,25,0,0
PS335,2,2022F,6,25,0,0
IT201,1-4,2022F,1,25,0,0
AN270,1,2022F,15,25,0,0
MB397,1-4,2022F,1,4,0,0
IT320,4,2022F,15,25,0,0
PY281,4,2022F,38,25,13,12
PY160,3,2022F,14,25,0,0
FM312,1,2022F,8,16,0,0
PG300,4,2022F,3,18,0,0
EV320,4,2022F,9,25,0,0
PY162,4,2022F,8,12,0,0
FM310,4,2022F,10,12,0,0
EV209,4,2022F,27,16,11,16
CH107,4,2022F,4,25,0,0
CH108,4,2022F,12,25,0,0
AN380,3,2022F,10,10,0,0
FM302,3,2022F,3,12,0,0
FM301,2,2022F,17,25,0,0
PY296,3,2022F,15,25,0,0
PY299,1-2,2022F,33,32,1,0
CH342,4,2022F,8,25,0,0
AN377,4,2022F,6,25,0,0
MB131,4,2022F,12,24,0,0
IT104,4,2022F,14,18,0,0
DS236,2-3,2022F,3,25,0,0
IT103,3,2022F,14,18,0,0
DS231,1-2,2022F,8,25,0,0
GS401,4,2022F,0,2,0,0
MB497,4,2022F,5,25,0,0
BE240,1,2022F,6,25,0,0
IT101,1-4,2022F,3,25,0,0
BE367,1,2022F,25,14,11,20
CP275,4,2022F,37,25,12,9
CP274,1,2022F,32,32,0,0
EV309,3,2022F,15,25,0,0
DS102,2-3,2022F,7,25,0,0
DS223,3-4,2022F,1,20,0,0
DS103,3-4,2022F,6,25,0,0
GR205,1-4,2022F,0,25,0,0
DS105,2-3,2022F,14,25,0,0
GR200,4,2022F,16,25,0,0
JA301,2,2022F,6,18,0,0
DS229,1-4,2022F,0,25,0,0
RU307,1-4,2022F,0,25,0,0
PS410,4,2022F,6,10,0,0
BE105,4,2022F,3,24,0,0
JA205,1-4,2022F,1,25,0,0
BE344,3,2022F,13,8,5,8
CP499,4,2022F,13,25,0,0
SW273,2,2022F,32,25,7,2
BE106,3,2022F,21,24,0,0
AN102,2,2022F,20,25,0,0
RM212,1,2022F,8,25,0,0
PS276,3,2022F,38,25,13,6
GR102,4,2022F,9,18,0,0
PS272,1,2022F,52,25,27,16
DS200,2-3,2022F,4,25,0,0
GR103,1-4,2022F,2,25,0,0
FR301,1-4,2022F,2,25,0,0
GR101,3,2022F,8,18,0,0
GR220,1,2022F,9,25,0,0
FR305,4,2022F,7,15,0,0
RM200,3,2022F,2,25,0,0
FR309,3,2022F,2,25,0,0
AN215,3,2022F,10,25,0,0
PH285,1,2022F,11,25,0,0
SP301,1-4,2022F,2,25,0,0
GS208,1-2,2022F,0,25,0,0
FR431,2,2022F,2,25,0,0
SP306,4,2022F,5,18,0,0
CO390,4,2022F,4,25,0,0
SP304,4,2022F,4,18,0,0
SP305,4,2022F,4,15,0,0
FR318,2,2022F,7,25,0,0
BE440,4,2022F,12,32,0,0
BE208,4,2022F,9,14,0,0
CP115,3,2022F,36,25,11,15
AN123,1-4,2022F,14,25,0,0
SO322,4,2022F,4,25,0,0
FR320,4,2022F,7,25,0,0
PS292,4,2022F,14,25,0,0
FR203,1-4,2022F,2,25,0,0
GR120,1,2022F,7,25,0,0
JA101,3-4,2022F,8,18,0,0
PS290,1,2022F,28,25,3,4
JA103,1-4,2022F,3,25,0,0
SO324,2,2022F,6,25,0,0
DS307,3-4,2022F,1,25,0,0
CP122,3,2022F,5,25,0,0
PS342,1,2022F,18,25,0,0
DS413,1-2,2022F,0,25,0,0
GS105,3-4,2022F,5,25,0,0
RU255,3,2022F,7,25,0,0
PH228,1,2022F,15,25,0,0
PH229,4,2022F,14,25,0,0
GS222,1-4,2022F,0,25,0,0
DS414,3-4,2022F,0,25,0,0
HK304,2,2022F,25,24,1,2
AN306,1,2022F,3,15,0,0
CO120,3,2022F,8,25,0,0
RU256,4,2022F,1,25,0,0
PS230,3,2022F,11,25,0,0
GS118,1-4,2022F,0,25,0,0
FR101,3,2022F,14,18,0,0
FR102,4,2022F,13,18,0,0
FR103,1-4,2022F,1,25,0,0
GS233,4,2022F,7,16,0,0
GS113,1-4,2022F,2,24,0,0
CP222,3,2022F,33,25,8,15
PH122,3,2022F,13,12,1,0
FG160,3,2022F,12,25,0,0
PH244,4,2022F,4,25,0,0
PH246,2,2022F,34,25,9,7
PH247,3,2022F,5,12,0,0
CP341,2,2022F,5,25,0,0
CO131,4,2022F,0,25,0,0
PS235,4,2022F,5,25,0,0
PS355,1,2022F,4,25,0,0
PH361,2,2022F,7,18,0,0
PS236,3,2022F,14,25,0,0
HK204,4,2022F,28,20,8,16
SW259,1,2022F,80,25,55,10
SW251,3,2022F,52,25,27,19
HK321,2,2022F,15,15,0,0
AN320,1,2022F,11,14,0,0
AN202,4,2022F,2,25,0,0
PS375,4,2022F,28,25,3,0
PS371,2,2022F,8,25,0,0
SO402,2,2022F,20,25,0,0
SO401,1,2022F,11,25,0,0
PH140,3,2022F,18,25,0,0
RM300,4,2022F,2,25,0,0
CC120,3,2022F,0,16,0,0
TH208,3-4,2022F,1,25,0,0
TH329,3,2022F,4,25,0,0
GS391,4,2022F,82,99,0,0
CO200,3,2022F,11,25,0,0
SO390,3,2022F,9,25,0,0
TH212,3,2022F,0,25,0,0
TH218,4,2022F,0,10,0,0
SP350,4,2022F,25,25,0,0
GS399,3-4,2022F,0,12,0,0
GS392,4,2022F,5,80,0,0
HK354,3,2022F,27,24,3,1
CP307,4,2022F,20,25,0,0
RE200,4,2022F,7,25,0,0
PY412,3,2022F,16,15,1,15
TH101,2-3,2022F,4,8,0,0
FG114,3,2022F,11,25,0,0
HK125,3,2022F,26,25,1,0
FG236,2,2022F,15,25,0,0
FG110,4,2022F,22,25,0,0
CC106,1,2022F,0,16,0,0
PC441,3,2022F,4,25,0,0
PC442,4,2022F,3,25,0,0
SO290,4,2022F,4,25,0,0
RE110,4,2022F,14,25,0,0
PY305,3,2022F,21,25,0,0
PY426,2,2022F,22,25,0,0
CN101,3-4,2022F,5,18,0,0
RM185,4,2022F,3,25,0,0
SO280,1,2022F,15,25,0,0
PC450,1,2022F,10,25,0,0
PY433,4,2022F,16,25,0,0
RE101,3,2022F,5,25,0,0
CN103,1-4,2022F,1,25,0,0
PY437,4,2022F,10,25,0,0
SP201,3-4,2022F,6,18,0,0
SO113,2,2022F,27,25,2,0
MS250,1-4,2022F,8,25,0,0
FG212,3,2022F,22,25,0,0
FG211,1,2022F,14,25,0,0
SO118,4,2022F,39,25,14,8
SO116,3,2022F,27,25,2,3
SP203,1-4,2022F,3,25,0,0
EN280,4,2022F,6,25,0,0
EN282,2,2022F,20,16,4,4
EN283,1,2022F,29,16,13,12
CL252,3,2022F,7,25,0,0
EN285,1,2022F,25,16,9,12
EN286,3,2022F,12,16,0,0
ED385,3,2022F,11,25,0,0
SO101,3,2022F,7,25,0,0
SP312,3,2022F,17,15,2,0
ED250,4,2022F,9,25,0,0
MU301,1,2022F,9,25,0,0
SO228,2,2022F,16,25,0,0
SO229,3,2022F,16,25,0,0
CN205,1-4,2022F,1,25,0,0
EN399,1,2022F,5,16,0,0
EC285,4,2022F,12,25,0,0
AH275,1,2022F,15,15,0,0
TH300,2,2022F,2,25,0,0
SP103,1-4,2022F,6,25,0,0
ED360,1,2022F,12,25,0,0
SP101,3-4,2022F,25,18,7,15
FG312,2,2022F,6,25,0,0
HY307,4,2022F,30,25,5,4
CL113,1-4,2022F,2,25,0,0
HY304,2,2022F,2,25,0,0
ED120,1,2022F,11,25,0,0
CL116,2,2022F,65,32,33,7
CL236,4,2022F,7,25,0,0
SO247,1,2022F,9,25,0,0
EN250,4,2022F,7,25,0,0
EN372,3,2022F,3,25,0,0
EN251,4,2022F,18,25,0,0
ED110,4,2022F,15,25,0,0
ED478,2-3,2022F,2,25,0,0
CN301,2,2022F,0,18,0,0
HY330,4,2022F,5,32,0,0
MU114,1-4,2022F,0,25,0,0
MU116,1-4,2022F,0,25,0,0
BU225,1,2022F,37,25,12,6
MU117,1-4,2022F,0,25,0,0
MU110,1-4,2022F,0,25,0,0
MU112,1-4,2022F,0,25,0,0
MU113,1-4,2022F,0,25,0,0
EN480,2,2022F,12,16,0,0
BU110,3,2022F,7,25,0,0
MU118,1-4,2022F,0,25,0,0
CL213,1-4,2022F,0,25,0,0
AS114,3,2022F,12,16,0,0
ED101,1,2022F,33,25,8,8
AH245,3,2022F,2,25,0,0
HY204,4,2022F,28,25,3,0
CL211,4,2022F,3,18,0,0
ED225,2,2022F,11,25,0,0
PC142,4,2022F,27,32,0,0
HY324,3,2022F,11,25,0,0
PC261,4,2022F,16,12,4,11
PC141,3,2022F,24,32,0,0
HY200,3,2022F,3,25,0,0
EC377,2,2022F,11,25,0,0
AS110,3,2022F,9,16,0,0
MU227,3,2022F,2,25,0,0
MU222,2,2022F,6,25,0,0
MU107,1-4,2022F,0,25,0,0
EN350,2,2022F,11,25,0,0
EN230,3,2022F,33,25,8,5
CL103,1-4,2022F,1,25,0,0
AS103,3,2022F,17,16,1,7
EC243,4,2022F,27,25,2,0
AH113,4,2022F,9,25,0,0
CL222,2,2022F,29,25,4,2
ED578,2-3,2022F,0,25,0,0
RE160,4,2022F,2,25,0,0
CL107,3,2022F,10,25,0,0
ED450,3,2022F,11,12,0,0
ED573,1-4,2022F,0,25,0,0
CN401,1- ,2022F,3,25,0,0
HY230,4,2022F,11,25,0,0
MU216,1-4,2022F,3,25,0,0
DA125,2,2022F,51,25,26,10
BU205,3,2022F,19,25,0,0
BU329,1,2022F,34,25,9,8
GY301,4,2022F,9,25,0,0
GY305,1,2022F,11,25,0,0
EN221,4,2022F,7,25,0,0
CL311,4,2022F,1,18,0,0
ED566,4,2022F,1,25,0,0
EN225,3,2022F,5,25,0,0
HY223,3,2022F,10,25,0,0
ED562,1-4,2022F,0,25,0,0
CL313,1-4,2022F,0,25,0,0
ED563,1-4,2022F,0,25,0,0
CL208,1,2022F,9,25,0,0
CL207,4,2022F,14,25,0,0
GY320,2,2022F,7,25,0,0
EN330,2,2022F,22,25,0,0
ED311,4,2022F,17,25,0,0
ED553,1,2022F,0,25,0,0
CL202,4,2022F,1,18,0,0
EC100,3-4,2022F,2,25,0,0
AS126,1-4,2022F,19,10,9,5
RS200,4,2022F,10,25,0,0
EC344,2,2022F,21,25,0,0
EC102,3,2022F,9,25,0,0
AH255,1,2022F,26,25,1,0
EC101,4,2022F,19,25,0,0
AH254,3,2022F,4,25,0,0
CL203,1-4,2022F,1,25,0,0
HY253,3,2022F,17,25,0,0
MA340,3,2022F,12,25,0,0
MU272,4,2022F,28,15,13,15
AH209,4,2022F,5,25,0,0
HE321,1-4,2022F,1,25,0,0
MA220,4,2022F,28,25,3,5
DA221,4,2022F,2,25,0,0
MU159,1-4,2022F,0,25,0,0
MU275,3,2022F,22,15,7,8
MU397,4,2022F,12,25,0,0
ED546,1-4,2022F,0,25,0,0
BU310,3,2022F,28,25,3,0
CL411,4,2022F,0,25,0,0
ED542,1-4,2022F,0,25,0,0
HY249,3,2022F,2,25,0,0
AH204,2,2022F,10,25,0,0
SO190,4,2022F,17,25,0,0
EC455,4,2022F,11,25,0,0
AH200,1,2022F,9,25,0,0
PY205,4,2022F,13,16,0,0
AS314,4,2022F,5,5,0,0
MA217,1,2022F,22,25,0,0
HY243,1,2022F,2,25,0,0
MU140,1-4,2022F,0,25,0,0
MB201,4,2022F,20,24,0,0
MA475,2,2022F,5,25,0,0
MB321,3,2022F,15,24,0,0
MU147,1-4,2022F,0,25,0,0
DA232,4,2022F,12,25,0,0
MU148,1-4,2022F,0,25,0,0
BU311,2,2022F,36,25,11,12
MU149,1-4,2022F,0,25,0,0
GY100,1,2022F,1,25,0,0
MU145,1-4,2022F,0,25,0,0
MU146,1-4,2022F,0,25,0,0
GY212,1,2022F,7,32,0,0
GY211,4,2022F,15,25,0,0
PC353,2,2022F,5,25,0,0
CL303,1-4,2022F,0,25,0,0
CL302,4,2022F,1,18,0,0
HY254,1,2022F,23,25,0,0
TH225,1,2022F,9,16,0,0
HY274,2,2022F,10,25,0,0
MU130,1-4,2022F,0,25,0,0
HE221,1-4,2022F,2,25,0,0
TH105,4,2022F,22,18,4,0
MU131,1-4,2022F,0,25,0,0
EN309,4,2022F,18,12,6,7
MA201,2,2022F,23,25,0,0
MB410,2,2022F,11,25,0,0
MA321,4,2022F,7,12,0,0
AS221,1,2022F,16,12,4,6
MU136,1-4,2022F,0,25,0,0
MU137,1-4,2022F,0,25,0,0
DA200,4,2022F,15,25,0,0
MU138,1-4,2022F,0,25,0,0
MU139,1-4,2022F,0,25,0,0
MU132,1-4,2022F,0,25,0,0
MU133,1-4,2022F,0,25,0,0
MU134,1-4,2022F,0,25,0,0
MU135,1-4,2022F,0,25,0,0
EV271,1,2022F,13,25,0,0
GY345,3,2022F,15,32,0,0
EV145,4,2022F,26,25,1,6
AH345,3,2022F,9,25,0,0
MA315,4,2022F,7,25,0,0
PY100,3,2022F,14,25,0,0
CH275,2,2022F,4,16,0,0
PC241,1,2022F,26,32,0,0
PC362,2,2022F,7,12,0,0
AS212,4,2022F,10,12,0,0
PC242,2,2022F,39,32,7,1
CH398,1-4,2022F,3,25,0,0
AS216,4,2022F,21,12,9,12
MU126,1-4,2022F,0,25,0,0
MU127,1-4,2022F,0,25,0,0
MU128,1-4,2022F,0,25,0,0
MU121,1-4,2022F,0,25,0,0
MU122,1-4,2022F,0,25,0,0
MU123,1-4,2022F,0,25,0,0
MU124,1-4,2022F,0,25,0,0
EC303,3,2022F,6,25,0,0
EV375,4,2022F,22,25,0,0
MU129,1-4,2022F,0,25,0,0
PC133,1,2022F,62,32,30,15
MA325,1,2022F,8,25,0,0
MA204,4,2022F,22,25,0,0
AS201,3,2022F,0,12,0,0
PC253,1-4,2022F,7,25,0,0
PC132,1-4,2022F,21,12,9,0
EC302,4,2022F,10,25,0,0
AS207,1,2022F,13,16,0,0
EC301,3,2022F,37,25,12,11
HY399,2,2022F,18,15,3,0
PC251,3,2022F,21,32,0,0
CL402,4,2022F,0,25,0,0
AS205,3,2022F,27,15,12,17